Year,Country of asylum,Total asylum applications
2006,Afghanistan,10
2006,Albania,15
2006,Algeria,727
2006,Angola,1015
2006,Argentina,340
2006,Armenia,617
2006,Australia,6536
2006,Austria,13329
2006,Azerbaijan,721
2006,Bangladesh,35
2006,Belarus,83
2006,Belgium,16961
2006,Benin,1137
2006,Bolivia (Plurinational State of),55
2006,Bosnia and Herzegovina,56
2006,Botswana,63
2006,Brazil,832
2006,Bulgaria,630
2006,Burkina Faso,408
2006,Burundi,11498
2006,Cambodia,462
2006,Cameroon,3817
2006,Canada,22867
2006,Central African Rep.,462
2006,Chad,95
2006,Chile,574
2006,China,88
2006,"China, Hong Kong SAR",3014
2006,Colombia,82
2006,Congo,1108
2006,Costa Rica,775
2006,Cote d'Ivoire,292
2006,Croatia,100
2006,Cuba,23
2006,Cyprus,7158
2006,Czechia,5127
2006,Dem. Rep. of the Congo,79
2006,Denmark,1901
2006,Djibouti,10
2006,Ecuador,7777
2006,Egypt,7118
2006,El Salvador,10
2006,Eritrea,470
2006,Estonia,5
2006,Ethiopia,2811
2006,Finland,2328
2006,France,69816
2006,Gabon,451
2006,Gambia,41
2006,Georgia,21
2006,Germany,30051
2006,Ghana,95
2006,Greece,12248
2006,Guatemala,26
2006,Guinea,1226
2006,Guinea-Bissau,383
2006,Honduras,15
2006,Hungary,2090
2006,Iceland,20
2006,India,1413
2006,Indonesia,403
2006,Iran (Islamic Rep. of),1099
2006,Iraq,480
2006,Ireland,7453
2006,Israel,1322
2006,Italy,10336
2006,Japan,1343
2006,Jordan,4843
2006,Kazakhstan,299
2006,Kenya,37492
2006,Kuwait,409
2006,Kyrgyzstan,514
2006,Latvia,5
2006,Lebanon,1934
2006,Liberia,50
2006,Libya,1045
2006,Liechtenstein,35
2006,Lithuania,121
2006,Luxembourg,1041
2006,Malawi,4367
2006,Malaysia,9082
2006,Mali,150
2006,Malta,1260
2006,Mauritania,307
2006,Mexico,455
2006,Mongolia,10
2006,Montenegro,15
2006,Morocco,940
2006,Mozambique,960
2006,Namibia,236
2006,Nepal,559
2006,Netherlands,14457
2006,New Zealand,464
2006,Nicaragua,34
2006,Niger,20
2006,Nigeria,491
2006,North Macedonia,56
2006,Norway,10382
2006,Pakistan,2014
2006,Panama,353
2006,Paraguay,12
2006,Peru,291
2006,Philippines,10
2006,Poland,11323
2006,Portugal,106
2006,Qatar,5
2006,Rep. of Korea,272
2006,Rep. of Moldova,47
2006,Romania,432
2006,Russian Federation,1159
2006,Rwanda,19
2006,Saudi Arabia,105
2006,Senegal,255
2006,Serbia and Kosovo: S/RES/1244 (1999),15
2006,Sierra Leone,243
2006,Singapore,15
2006,Slovakia,2852
2006,Slovenia,499
2006,Somalia,1319
2006,South Africa,53343
2006,Spain,5274
2006,Sri Lanka,166
2006,Sudan,10213
2006,Sweden,24291
2006,Switzerland,17316
2006,Syrian Arab Rep.,2826
2006,Tajikistan,449
2006,Thailand,4690
2006,Togo,105
2006,Tunisia,70
2006,Turkey,5074
2006,Turkmenistan,15
2006,Uganda,9301
2006,Ukraine,2987
2006,United Arab Emirates,105
2006,United Kingdom of Great Britain and Northern Ireland,46027
2006,United Rep. of Tanzania,1030
2006,United States of America,41073
2006,Uruguay,23
2006,Venezuela (Bolivarian Republic of),2224
2006,Yemen,1607
2006,Zambia,99
2006,Zimbabwe,3260
2007,Afghanistan,15
2007,Albania,30
2007,Algeria,763
2007,Angola,1471
2007,Argentina,533
2007,Armenia,299
2007,Australia,6216
2007,Austria,11902
2007,Azerbaijan,558
2007,Bahrain,18
2007,Bangladesh,55
2007,Belarus,36
2007,Belgium,15484
2007,Benin,467
2007,Bolivia (Plurinational State of),182
2007,Bosnia and Herzegovina,565
2007,Botswana,59
2007,Brazil,565
2007,Bulgaria,960
2007,Burkina Faso,77
2007,Burundi,1633
2007,Cambodia,570
2007,Cameroon,2834
2007,Canada,27868
2007,Central African Rep.,441
2007,Chad,65
2007,Chile,748
2007,China,130
2007,"China, Hong Kong SAR",2252
2007,Colombia,121
2007,Congo,783
2007,Costa Rica,873
2007,Cote d'Ivoire,177
2007,Croatia,212
2007,Cuba,20
2007,Cyprus,8911
2007,Czechia,3337
2007,Dem. Rep. of the Congo,34
2007,Denmark,1840
2007,Djibouti,468
2007,Ecuador,15027
2007,Egypt,4235
2007,El Salvador,5
2007,Eritrea,102
2007,Estonia,15
2007,Eswatini,39
2007,Ethiopia,19833
2007,Finland,1427
2007,France,58180
2007,Gabon,298
2007,Georgia,19
2007,Germany,30276
2007,Ghana,102
2007,Greece,42173
2007,Guatemala,48
2007,Guinea,729
2007,Guinea-Bissau,132
2007,Honduras,29
2007,Hungary,3409
2007,Iceland,20
2007,India,2915
2007,Indonesia,271
2007,Iran (Islamic Rep. of),519
2007,Iraq,233
2007,Ireland,6577
2007,Israel,5374
2007,Italy,14033
2007,Japan,1259
2007,Jordan,215
2007,Kazakhstan,240
2007,Kenya,19464
2007,Kuwait,424
2007,Kyrgyzstan,770
2007,Latvia,20
2007,Lebanon,830
2007,Liberia,52
2007,Libya,2610
2007,Liechtenstein,15
2007,Lithuania,128
2007,Luxembourg,747
2007,Malawi,7005
2007,Malaysia,13811
2007,Mali,109
2007,Malta,1657
2007,Mauritania,574
2007,Mexico,360
2007,Mongolia,5
2007,Morocco,1594
2007,Mozambique,879
2007,Namibia,416
2007,Nepal,1627
2007,Netherlands,7090
2007,New Zealand,372
2007,Nicaragua,54
2007,Niger,10
2007,Nigeria,302
2007,North Macedonia,32
2007,Norway,11208
2007,Oman,34
2007,Pakistan,2178
2007,Panama,361
2007,Papua New Guinea,10
2007,Paraguay,32
2007,Peru,264
2007,Philippines,10
2007,Poland,13230
2007,Portugal,208
2007,Qatar,10
2007,Rep. of Korea,715
2007,Rep. of Moldova,61
2007,Romania,641
2007,Russian Federation,3360
2007,Rwanda,66
2007,Saudi Arabia,61
2007,Senegal,200
2007,Serbia and Kosovo: S/RES/1244 (1999),35
2007,Singapore,41
2007,Slovakia,2615
2007,Slovenia,428
2007,Somalia,6520
2007,South Africa,45637
2007,Spain,7627
2007,Sri Lanka,212
2007,Sudan,16574
2007,Sweden,36352
2007,Switzerland,14348
2007,Syrian Arab Rep.,2221
2007,Tajikistan,745
2007,Thailand,1434
2007,Togo,89
2007,Trinidad and Tobago,5
2007,Tunisia,95
2007,Turkey,8340
2007,Turkmenistan,16
2007,Uganda,4531
2007,Ukraine,2728
2007,United Arab Emirates,137
2007,United Kingdom of Great Britain and Northern Ireland,45303
2007,United Rep. of Tanzania,949
2007,United States of America,40417
2007,Uruguay,27
2007,Venezuela (Bolivarian Republic of),2355
2007,Yemen,2970
2007,Zambia,162
2007,Zimbabwe,4312
2008,Afghanistan,10
2008,Albania,10
2008,Algeria,72
2008,Angola,435
2008,Argentina,845
2008,Armenia,209
2008,Australia,7259
2008,Austria,12829
2008,Azerbaijan,396
2008,Bahrain,64
2008,Bangladesh,104
2008,Belarus,100
2008,Belgium,17071
2008,Belize,10
2008,Benin,735
2008,Bolivia (Plurinational State of),41
2008,Bosnia and Herzegovina,83
2008,Botswana,848
2008,Brazil,571
2008,Bulgaria,735
2008,Burkina Faso,78
2008,Burundi,3613
2008,Cambodia,514
2008,Cameroon,4041
2008,Canada,34790
2008,Central African Rep.,868
2008,Chad,110
2008,Chile,872
2008,China,28
2008,"China, Hong Kong SAR",1247
2008,Colombia,93
2008,Congo,1985
2008,Costa Rica,943
2008,Cote d'Ivoire,101
2008,Croatia,172
2008,Cyprus,6893
2008,Czechia,2714
2008,Dem. Rep. of the Congo,20
2008,Denmark,2331
2008,Djibouti,191
2008,Ecuador,17592
2008,Egypt,2525
2008,Eritrea,75
2008,Estonia,10
2008,Eswatini,190
2008,Ethiopia,23712
2008,Fiji,5
2008,Finland,4007
2008,France,64232
2008,Gabon,292
2008,Georgia,43
2008,Germany,27967
2008,Ghana,148
2008,Greece,33228
2008,Guatemala,15
2008,Guinea,335
2008,Guinea-Bissau,95
2008,Honduras,44
2008,Hungary,3106
2008,Iceland,70
2008,India,3499
2008,Indonesia,375
2008,Iran (Islamic Rep. of),896
2008,Iraq,287
2008,Ireland,6737
2008,Israel,8348
2008,Italy,30300
2008,Japan,2097
2008,Jordan,487
2008,Kazakhstan,251
2008,Kenya,8812
2008,Kuwait,2076
2008,Kyrgyzstan,870
2008,Latvia,37
2008,Lebanon,391
2008,Libya,5077
2008,Liechtenstein,20
2008,Lithuania,204
2008,Luxembourg,780
2008,Malawi,1426
2008,Malaysia,17025
2008,Mali,58
2008,Malta,3504
2008,Mauritania,312
2008,Mexico,299
2008,Mongolia,5
2008,Montenegro,5
2008,Morocco,1104
2008,Mozambique,1751
2008,Namibia,287
2008,Nepal,113
2008,Netherlands,13393
2008,New Zealand,338
2008,Nicaragua,68
2008,Niger,19
2008,Nigeria,693
2008,North Macedonia,49
2008,Norway,20459
2008,Oman,10
2008,Pakistan,1446
2008,Panama,201
2008,Paraguay,15
2008,Peru,199
2008,Philippines,50
2008,Poland,7713
2008,Portugal,142
2008,Qatar,20
2008,Rep. of Korea,356
2008,Rep. of Moldova,51
2008,Romania,1161
2008,Russian Federation,5420
2008,Rwanda,10
2008,Saudi Arabia,88
2008,Senegal,249
2008,Serbia and Kosovo: S/RES/1244 (1999),73
2008,Sierra Leone,430
2008,Singapore,20
2008,Slovakia,891
2008,Slovenia,235
2008,Somalia,2156
2008,South Africa,207204
2008,Spain,4505
2008,Sri Lanka,421
2008,Sudan,35102
2008,Sweden,40457
2008,Switzerland,16575
2008,Syrian Arab Rep.,964
2008,Tajikistan,1371
2008,Thailand,1202
2008,Timor-Leste,12
2008,Togo,192
2008,Trinidad and Tobago,59
2008,Tunisia,57
2008,Turkey,13789
2008,Uganda,13552
2008,Ukraine,2946
2008,United Arab Emirates,120
2008,United Kingdom of Great Britain and Northern Ireland,44398
2008,United States of America,39335
2008,Uruguay,5
2008,Vanuatu,5
2008,Venezuela (Bolivarian Republic of),2955
2008,Yemen,2234
2008,Zambia,220
2008,Zimbabwe,898
2009,Afghanistan,17
2009,Algeria,926
2009,Angola,2068
2009,Argentina,765
2009,Armenia,68
2009,Australia,8386
2009,Austria,15807
2009,Azerbaijan,370
2009,Bahrain,77
2009,Bangladesh,51
2009,Belarus,181
2009,Belgium,22275
2009,Belize,25
2009,Benin,420
2009,Bolivia (Plurinational State of),41
2009,Bosnia and Herzegovina,45
2009,Botswana,136
2009,Brazil,355
2009,British Virgin Islands,5
2009,Bulgaria,850
2009,Burkina Faso,36
2009,Burundi,3951
2009,Cambodia,99
2009,Cameroon,2903
2009,Canada,33949
2009,Central African Rep.,168
2009,Chad,137
2009,China,66
2009,"China, Hong Kong SAR",1244
2009,Colombia,364
2009,Congo,1862
2009,Costa Rica,1176
2009,Cote d'Ivoire,194
2009,Croatia,184
2009,Cuba,5
2009,Cyprus,6915
2009,Czechia,1790
2009,Dem. Rep. of the Congo,630
2009,Denmark,4536
2009,Djibouti,765
2009,Ecuador,35493
2009,Egypt,2781
2009,El Salvador,92
2009,Estonia,25
2009,Eswatini,164
2009,Ethiopia,22203
2009,Fiji,10
2009,Finland,5908
2009,France,72722
2009,Gabon,84
2009,Gambia,68
2009,Georgia,42
2009,Germany,32985
2009,Ghana,247
2009,Greece,28009
2009,Guatemala,35
2009,Guinea,295
2009,Guinea-Bissau,10
2009,Haiti,19
2009,Honduras,39
2009,Hungary,4660
2009,Iceland,30
2009,India,6742
2009,Indonesia,3294
2009,Iran (Islamic Rep. of),374
2009,Iraq,2727
2009,Ireland,5254
2009,Israel,792
2009,Italy,17589
2009,Japan,2594
2009,Jordan,796
2009,Kazakhstan,362
2009,Kenya,16257
2009,Kuwait,366
2009,Kyrgyzstan,350
2009,Latvia,44
2009,Lebanon,642
2009,Liberia,554
2009,Libya,3041
2009,Liechtenstein,287
2009,Lithuania,208
2009,Luxembourg,619
2009,Malawi,1419
2009,Malaysia,40056
2009,Mali,19
2009,Malta,3208
2009,Mauritania,396
2009,Mexico,663
2009,Mongolia,5
2009,Montenegro,15
2009,Morocco,789
2009,Mozambique,1489
2009,Namibia,331
2009,Nepal,59
2009,Netherlands,14887
2009,New Zealand,483
2009,Nicaragua,269
2009,Niger,15
2009,Nigeria,287
2009,North Macedonia,81
2009,Norway,27958
2009,Oman,28
2009,Pakistan,1304
2009,Palau,12
2009,Panama,420
2009,Papua New Guinea,5
2009,Paraguay,15
2009,Peru,169
2009,Philippines,5
2009,Poland,10573
2009,Portugal,130
2009,Qatar,11
2009,Rep. of Korea,310
2009,Rep. of Moldova,82
2009,Romania,819
2009,Russian Federation,5701
2009,Rwanda,82
2009,Saint Lucia,5
2009,Saudi Arabia,66
2009,Senegal,207
2009,Serbia and Kosovo: S/RES/1244 (1999),289
2009,Sierra Leone,60
2009,Slovakia,809
2009,Slovenia,174
2009,Somalia,15574
2009,South Africa,222324
2009,Spain,3005
2009,Sri Lanka,141
2009,Sudan,10699
2009,Sweden,37858
2009,Switzerland,15981
2009,Syrian Arab Rep.,2388
2009,Tajikistan,2579
2009,Thailand,6841
2009,Togo,129
2009,Trinidad and Tobago,149
2009,Tunisia,47
2009,Turkey,8900
2009,Uganda,20438
2009,Ukraine,2230
2009,United Arab Emirates,204
2009,United Kingdom of Great Britain and Northern Ireland,45994
2009,United Rep. of Tanzania,881
2009,United States of America,38055
2009,Uruguay,34
2009,Venezuela (Bolivarian Republic of),2865
2009,Yemen,2485
2009,Zambia,314
2009,Zimbabwe,772
2010,Afghanistan,37
2010,Albania,5
2010,Algeria,545
2010,Angola,144
2010,Argentina,777
2010,Armenia,61
2010,Australia,10879
2010,Austria,11006
2010,Azerbaijan,317
2010,Bahrain,135
2010,Bangladesh,16
2010,Belarus,256
2010,Belgium,33115
2010,Belize,21
2010,Benin,110
2010,Bolivia (Plurinational State of),49
2010,Bosnia and Herzegovina,39
2010,Botswana,74
2010,Brazil,1071
2010,Bulgaria,986
2010,Burkina Faso,38
2010,Burundi,10773
2010,Cambodia,65
2010,Cameroon,3593
2010,Canada,22525
2010,Chad,90
2010,Chile,254
2010,China,156
2010,"China, Hong Kong SAR",714
2010,"China, Macao SAR",15
2010,Colombia,157
2010,Congo,1085
2010,Costa Rica,981
2010,Cote d'Ivoire,238
2010,Croatia,335
2010,Cuba,20
2010,Curacao ,5
2010,Cyprus,6440
2010,Czechia,1375
2010,Dem. Rep. of the Congo,280
2010,Denmark,4942
2010,Djibouti,105
2010,Dominican Rep.,5
2010,Ecuador,31340
2010,Egypt,2998
2010,El Salvador,45
2010,Eritrea,5
2010,Estonia,20
2010,Ethiopia,4437
2010,Finland,3982
2010,France,80207
2010,Gabon,22
2010,Gambia,5
2010,Georgia,65
2010,Germany,48543
2010,Ghana,191
2010,Greece,11880
2010,Grenada,5
2010,Guatemala,15
2010,Guinea,632
2010,Guinea-Bissau,40
2010,Honduras,63
2010,Hungary,2080
2010,Iceland,40
2010,India,4865
2010,Indonesia,3890
2010,Iran (Islamic Rep. of),63
2010,Iraq,841
2010,Ireland,4809
2010,Israel,1437
2010,Italy,10047
2010,Japan,2089
2010,Jordan,3472
2010,Kazakhstan,538
2010,Kenya,20106
2010,Kuwait,349
2010,Kyrgyzstan,569
2010,Latvia,43
2010,Lebanon,2068
2010,Liberia,5
2010,Libya,1698
2010,Liechtenstein,101
2010,Lithuania,365
2010,Luxembourg,794
2010,Malawi,5675
2010,Malaysia,25971
2010,Mali,41
2010,Malta,287
2010,Mauritania,273
2010,Mexico,1017
2010,Montenegro,10
2010,Morocco,1237
2010,Mozambique,2881
2010,Namibia,324
2010,Nepal,46
2010,Netherlands,15098
2010,New Zealand,444
2010,Nicaragua,113
2010,Niger,10
2010,Nigeria,897
2010,North Macedonia,166
2010,Norway,22807
2010,Oman,53
2010,Pakistan,943
2010,Panama,592
2010,Paraguay,5
2010,Peru,283
2010,Philippines,28
2010,Poland,6505
2010,Portugal,126
2010,Qatar,36
2010,Rep. of Korea,436
2010,Rep. of Moldova,116
2010,Romania,868
2010,Russian Federation,3850
2010,Rwanda,5
2010,Saint Lucia,5
2010,Saudi Arabia,25
2010,Senegal,190
2010,Serbia and Kosovo: S/RES/1244 (1999),786
2010,Sint Maarten (Dutch part),5
2010,Slovakia,530
2010,Slovenia,245
2010,Somalia,245
2010,South Africa,180617
2010,Spain,2737
2010,Sri Lanka,98
2010,Sudan,12422
2010,Sweden,45084
2010,Switzerland,15537
2010,Syrian Arab Rep.,3293
2010,Tajikistan,837
2010,Thailand,1658
2010,Togo,38
2010,Trinidad and Tobago,10
2010,Tunisia,47
2010,Turkey,11542
2010,Uganda,15488
2010,Ukraine,2658
2010,United Arab Emirates,437
2010,United Kingdom of Great Britain and Northern Ireland,40493
2010,United Rep. of Tanzania,437
2010,United States of America,42950
2010,Uruguay,15
2010,Venezuela (Bolivarian Republic of),3441
2010,Yemen,3740
2010,Zambia,789
2010,Zimbabwe,980
2011,Afghanistan,57
2011,Albania,15
2011,Algeria,1031
2011,Angola,540
2011,Argentina,852
2011,Armenia,73
2011,Australia,15369
2011,Austria,14390
2011,Azerbaijan,146
2011,Bahamas,10
2011,Bahrain,137
2011,Bangladesh,5
2011,Belarus,135
2011,Belgium,41133
2011,Belize,30
2011,Benin,450
2011,Bolivia (Plurinational State of),29
2011,Bosnia and Herzegovina,40
2011,Botswana,214
2011,Brazil,4951
2011,Bulgaria,883
2011,Burkina Faso,173
2011,Burundi,3633
2011,Cambodia,10
2011,Cameroon,3207
2011,Canada,24965
2011,Central African Rep.,1292
2011,Chad,5903
2011,Chile,297
2011,China,43
2011,"China, Hong Kong SAR",1040
2011,"China, Macao SAR",10
2011,Colombia,89
2011,Congo,639
2011,Costa Rica,948
2011,Cote d'Ivoire,641
2011,Croatia,830
2011,Curacao ,5
2011,Cyprus,4161
2011,Czechia,740
2011,Dem. Rep. of the Congo,219
2011,Denmark,3805
2011,Djibouti,1379
2011,Dominican Rep.,30
2011,Ecuador,14142
2011,Egypt,5485
2011,El Salvador,10
2011,Eritrea,5
2011,Estonia,66
2011,Ethiopia,833
2011,Fiji,5
2011,Finland,3071
2011,France,89297
2011,Gabon,102
2011,Gambia,105
2011,Georgia,77
2011,Germany,53308
2011,Ghana,20119
2011,Greece,15272
2011,Guatemala,15
2011,Guinea,361
2011,Guinea-Bissau,55
2011,Honduras,10
2011,Hungary,1678
2011,Iceland,65
2011,India,4762
2011,Indonesia,4049
2011,Iran (Islamic Rep. of),127
2011,Iraq,1153
2011,Ireland,3292
2011,Israel,5723
2011,Italy,40335
2011,Japan,3615
2011,Jordan,4573
2011,Kazakhstan,68
2011,Kenya,15197
2011,Kuwait,255
2011,Kyrgyzstan,238
2011,Latvia,330
2011,Lebanon,1675
2011,Lesotho,10
2011,Liberia,570
2011,Libya,92
2011,Liechtenstein,65
2011,Lithuania,390
2011,Luxembourg,2324
2011,Malawi,4495
2011,Malaysia,16943
2011,Mali,875
2011,Malta,2527
2011,Mauritania,368
2011,Mexico,728
2011,Mongolia,5
2011,Montenegro,226
2011,Morocco,1089
2011,Mozambique,3903
2011,Namibia,255
2011,Nepal,40
2011,Netherlands,14605
2011,New Zealand,432
2011,Nicaragua,35
2011,Niger,177
2011,Nigeria,195
2011,North Macedonia,736
2011,Norway,18189
2011,Oman,37
2011,Pakistan,976
2011,Panama,1396
2011,Paraguay,10
2011,Peru,463
2011,Philippines,15
2011,Poland,6859
2011,Portugal,261
2011,Qatar,64
2011,Rep. of Korea,1130
2011,Rep. of Moldova,63
2011,Romania,2054
2011,Russian Federation,2262
2011,Rwanda,5
2011,Saudi Arabia,15
2011,Senegal,199
2011,Serbia and Kosovo: S/RES/1244 (1999),3304
2011,Sierra Leone,22
2011,Slovakia,483
2011,Slovenia,364
2011,Somalia,25
2011,South Africa,106886
2011,South Sudan,232
2011,Spain,3395
2011,Sri Lanka,160
2011,Sudan,10568
2011,Sweden,43727
2011,Switzerland,19414
2011,Syrian Arab Rep.,3076
2011,Tajikistan,790
2011,Thailand,12933
2011,Togo,5288
2011,Trinidad and Tobago,10
2011,Tunisia,4499
2011,Turkey,17809
2011,Turkmenistan,5
2011,Uganda,12702
2011,Ukraine,2194
2011,United Arab Emirates,215
2011,United Kingdom of Great Britain and Northern Ireland,36789
2011,United Rep. of Tanzania,427
2011,United States of America,60561
2011,Uruguay,14
2011,Venezuela (Bolivarian Republic of),3165
2011,Yemen,5356
2011,Zambia,942
2011,Zimbabwe,1045
2012,Afghanistan,17
2012,Albania,10
2012,Algeria,1537
2012,Argentina,1439
2012,Armenia,595
2012,Aruba,5
2012,Australia,20042
2012,Austria,17391
2012,Azerbaijan,279
2012,Bahamas,48
2012,Bahrain,37
2012,Bangladesh,5
2012,Belarus,119
2012,Belgium,38535
2012,Belize,53
2012,Benin,191
2012,Bolivia (Plurinational State of),36
2012,Bosnia and Herzegovina,45
2012,Botswana,99
2012,Brazil,1102
2012,Bulgaria,1350
2012,Burkina Faso,15
2012,Burundi,8300
2012,Cameroon,3511
2012,Canada,20231
2012,Central African Rep.,156
2012,Chad,3977
2012,Chile,168
2012,China,304
2012,"China, Hong Kong SAR",1206
2012,Colombia,101
2012,Congo,452
2012,Costa Rica,1153
2012,Cote d'Ivoire,65
2012,Croatia,1203
2012,Cuba,63
2012,Curacao ,30
2012,Cyprus,2874
2012,Czechia,738
2012,Dem. Rep. of the Congo,887
2012,Denmark,7492
2012,Djibouti,1292
2012,Dominican Rep.,10
2012,Ecuador,12061
2012,Egypt,6635
2012,Eritrea,10
2012,Estonia,80
2012,Eswatini,98
2012,Ethiopia,1214
2012,Fiji,5
2012,Finland,2891
2012,France,97637
2012,Gabon,29
2012,Georgia,590
2012,Germany,77624
2012,Ghana,99
2012,Greece,17331
2012,Guatemala,15
2012,Guinea,138
2012,Guinea-Bissau,5
2012,Haiti,5
2012,Honduras,10
2012,Hungary,2144
2012,Iceland,125
2012,India,3375
2012,Indonesia,7212
2012,Iraq,1001
2012,Ireland,2190
2012,Israel,1982
2012,Italy,17323
2012,Japan,4304
2012,Jordan,2472
2012,Kazakhstan,63
2012,Kenya,21237
2012,Kuwait,266
2012,Kyrgyzstan,179
2012,Latvia,182
2012,Lebanon,2089
2012,Liberia,37
2012,Libya,4462
2012,Liechtenstein,60
2012,Lithuania,516
2012,Luxembourg,2115
2012,Malawi,3369
2012,Malaysia,20170
2012,Mali,41
2012,Malta,2203
2012,Mauritania,603
2012,Mexico,803
2012,Mongolia,5
2012,Montenegro,1514
2012,Morocco,2433
2012,Mozambique,2925
2012,Namibia,205
2012,Nauru,414
2012,Nepal,863
2012,Netherlands,13074
2012,New Zealand,469
2012,Nicaragua,62
2012,Niger,5
2012,Nigeria,209
2012,North Macedonia,641
2012,Norway,18267
2012,Oman,31
2012,Pakistan,3933
2012,Panama,743
2012,Papua New Guinea,161
2012,Paraguay,10
2012,Peru,361
2012,Philippines,31
2012,Poland,12218
2012,Portugal,283
2012,Qatar,20
2012,Rep. of Korea,1346
2012,Rep. of Moldova,177
2012,Romania,2477
2012,Russian Federation,2295
2012,Rwanda,17085
2012,Saudi Arabia,16
2012,Senegal,165
2012,Serbia and Kosovo: S/RES/1244 (1999),2766
2012,Sierra Leone,10
2012,Singapore,5
2012,Sint Maarten (Dutch part),10
2012,Slovakia,716
2012,Slovenia,290
2012,Solomon Islands,5
2012,Somalia,3434
2012,South Africa,117159
2012,South Sudan,35
2012,Spain,2572
2012,Sri Lanka,197
2012,Sudan,15112
2012,Sweden,43857
2012,Switzerland,32330
2012,Syrian Arab Rep.,2021
2012,Tajikistan,831
2012,Thailand,3073
2012,Togo,6068
2012,Trinidad and Tobago,5
2012,Tunisia,495
2012,Turkey,27253
2012,Turks and Caicos Islands,21
2012,Uganda,14429
2012,Ukraine,3250
2012,United Arab Emirates,247
2012,United Kingdom of Great Britain and Northern Ireland,36993
2012,United Rep. of Tanzania,201
2012,United States of America,66075
2012,Uruguay,37
2012,Venezuela (Bolivarian Republic of),2002
2012,Yemen,3392
2012,Zambia,688
2012,Zimbabwe,1093
2013,Afghanistan,28
2013,Albania,223
2013,Algeria,2542
2013,Angola,1202
2013,Argentina,605
2013,Armenia,320
2013,Australia,15929
2013,Austria,17480
2013,Azerbaijan,437
2013,Bahamas,93
2013,Bahrain,43
2013,Bangladesh,22
2013,Belarus,250
2013,Belgium,29296
2013,Belize,52
2013,Benin,140
2013,Bolivia (Plurinational State of),16
2013,Bosnia and Herzegovina,89
2013,Botswana,98
2013,Brazil,4710
2013,British Virgin Islands,5
2013,Bulgaria,7129
2013,Burkina Faso,122
2013,Burundi,10205
2013,Cambodia,5
2013,Cameroon,6188
2013,Canada,10322
2013,Cayman Islands,35
2013,Central African Rep.,32
2013,Chad,298
2013,Chile,244
2013,China,253
2013,"China, Hong Kong SAR",1782
2013,Colombia,252
2013,Congo,326
2013,Costa Rica,1126
2013,Cote d'Ivoire,134
2013,Croatia,1142
2013,Cuba,22
2013,Curacao ,23
2013,Cyprus,2704
2013,Czechia,681
2013,Dem. Rep. of the Congo,1291
2013,Denmark,9503
2013,Djibouti,780
2013,Dominican Rep.,72
2013,Ecuador,8264
2013,Egypt,10751
2013,El Salvador,5
2013,Estonia,97
2013,Eswatini,114
2013,Ethiopia,429
2013,Finland,3202
2013,France,100764
2013,Gabon,74
2013,Gambia,15
2013,Georgia,717
2013,Germany,126986
2013,Ghana,1292
2013,Greece,14363
2013,Guatemala,48
2013,Guinea,69
2013,Guinea-Bissau,15
2013,Haiti,10
2013,Honduras,57
2013,Hungary,18867
2013,Iceland,227
2013,India,5986
2013,Indonesia,8557
2013,Iran (Islamic Rep. of),56
2013,Iraq,1198
2013,Ireland,2166
2013,Israel,2603
2013,Italy,26567
2013,Japan,5703
2013,Jordan,6659
2013,Kazakhstan,120
2013,Kenya,21558
2013,Kuwait,589
2013,Kyrgyzstan,330
2013,Latvia,174
2013,Lebanon,3230
2013,Liberia,25
2013,Libya,5598
2013,Liechtenstein,85
2013,Lithuania,262
2013,Luxembourg,1589
2013,Madagascar,5
2013,Malawi,3846
2013,Malaysia,54309
2013,Mali,111
2013,Malta,2192
2013,Mauritania,660
2013,Mexico,1273
2013,Mongolia,10
2013,Montenegro,3562
2013,Morocco,3219
2013,Mozambique,2540
2013,Namibia,308
2013,Nauru,185
2013,Nepal,340
2013,Netherlands,17133
2013,New Zealand,455
2013,Nicaragua,103
2013,Niger,20
2013,Nigeria,646
2013,North Macedonia,1342
2013,Norway,20564
2013,Oman,64
2013,Pakistan,5176
2013,Panama,815
2013,Papua New Guinea,250
2013,Peru,423
2013,Philippines,68
2013,Poland,14950
2013,Portugal,478
2013,Qatar,17
2013,Rep. of Korea,1724
2013,Rep. of Moldova,164
2013,Romania,1732
2013,Russian Federation,4682
2013,Rwanda,13006
2013,Saudi Arabia,25
2013,Senegal,237
2013,Serbia and Kosovo: S/RES/1244 (1999),5120
2013,Sierra Leone,10
2013,Slovakia,419
2013,Slovenia,249
2013,Somalia,2889
2013,South Africa,79287
2013,South Sudan,35
2013,Spain,4507
2013,Sri Lanka,1598
2013,Sudan,11222
2013,Sweden,68812
2013,Switzerland,28008
2013,Syrian Arab Rep.,1904
2013,Tajikistan,585
2013,Thailand,3859
2013,Togo,256
2013,Trinidad and Tobago,36
2013,Tunisia,348
2013,Turkey,46594
2013,Turks and Caicos Islands,5
2013,Uganda,18799
2013,Ukraine,1709
2013,United Arab Emirates,260
2013,United Kingdom of Great Britain and Northern Ireland,39280
2013,United Rep. of Tanzania,447
2013,United States of America,68225
2013,Uruguay,22
2013,Venezuela (Bolivarian Republic of),3497
2013,Yemen,6255
2013,Zambia,2611
2013,Zimbabwe,522
2014,Afghanistan,33
2014,Albania,419
2014,Algeria,4529
2014,Angola,12266
2014,Argentina,813
2014,Armenia,236
2014,Australia,15141
2014,Austria,28047
2014,Azerbaijan,785
2014,Bahamas,5
2014,Bahrain,54
2014,Bangladesh,5
2014,Belarus,909
2014,Belgium,28799
2014,Belize,73
2014,Benin,225
2014,Bolivia (Plurinational State of),30
2014,Bosnia and Herzegovina,35
2014,Botswana,75
2014,Brazil,8911
2014,British Virgin Islands,10
2014,Bulgaria,11321
2014,Burkina Faso,187
2014,Burundi,7634
2014,Cambodia,43
2014,Cameroon,9907
2014,Canada,13644
2014,Central African Rep.,15
2014,Chad,2378
2014,Chile,278
2014,China,456
2014,"China, Hong Kong SAR",696
2014,Colombia,734
2014,Congo,730
2014,Costa Rica,1832
2014,Cote d'Ivoire,281
2014,Croatia,538
2014,Cuba,21
2014,Curacao ,36
2014,Cyprus,2388
2014,Czechia,1114
2014,Dem. Rep. of the Congo,130
2014,Denmark,16514
2014,Djibouti,170
2014,Dominican Rep.,25
2014,Egypt,11431
2014,El Salvador,15
2014,Estonia,126
2014,Eswatini,123
2014,Ethiopia,3039
2014,Fiji,10
2014,Finland,3629
2014,France,101855
2014,Gabon,172
2014,Georgia,1872
2014,Germany,202816
2014,Ghana,1035
2014,Greece,17518
2014,Guatemala,110
2014,Guinea,254
2014,Guinea-Bissau,15
2014,Honduras,10
2014,Hungary,42747
2014,Iceland,170
2014,India,7401
2014,Indonesia,6131
2014,Iraq,2528
2014,Ireland,2654
2014,Israel,227
2014,Italy,64593
2014,Japan,7531
2014,Jordan,29064
2014,Kazakhstan,356
2014,Kenya,22785
2014,Kuwait,102
2014,Kyrgyzstan,281
2014,Latvia,357
2014,Lebanon,15009
2014,Lesotho,5
2014,Liberia,19
2014,Libya,2919
2014,Liechtenstein,67
2014,Lithuania,401
2014,Luxembourg,1966
2014,Madagascar,5
2014,Malawi,3962
2014,Malaysia,26603
2014,Mali,1251
2014,Malta,1742
2014,Mauritania,604
2014,Mexico,1509
2014,Mongolia,5
2014,Montenegro,2310
2014,Morocco,1361
2014,Mozambique,3285
2014,Namibia,199
2014,Nauru,955
2014,Nepal,237
2014,Netherlands,24490
2014,New Zealand,440
2014,Nicaragua,129
2014,Niger,90
2014,Nigeria,505
2014,North Macedonia,1272
2014,Norway,19625
2014,Oman,161
2014,Pakistan,7926
2014,Panama,1181
2014,Papua New Guinea,829
2014,Paraguay,31
2014,Peru,374
2014,Philippines,73
2014,Poland,7336
2014,Portugal,424
2014,Qatar,86
2014,Rep. of Korea,3277
2014,Rep. of Moldova,230
2014,Romania,1616
2014,Russian Federation,274717
2014,Rwanda,39
2014,Saudi Arabia,10
2014,Senegal,524
2014,Serbia and Kosovo: S/RES/1244 (1999),16565
2014,Slovakia,321
2014,Slovenia,367
2014,Somalia,592
2014,South Africa,86201
2014,South Sudan,119
2014,Spain,5928
2014,Sri Lanka,608
2014,Sudan,9974
2014,Sweden,95525
2014,Switzerland,23731
2014,Syrian Arab Rep.,2392
2014,Tajikistan,608
2014,Thailand,6047
2014,Togo,602
2014,Trinidad and Tobago,175
2014,Tunisia,430
2014,Turkey,88878
2014,Uganda,32403
2014,Ukraine,1636
2014,United Arab Emirates,258
2014,United Kingdom of Great Britain and Northern Ireland,40234
2014,United Rep. of Tanzania,1025
2014,United States of America,96147
2014,Uruguay,52
2014,Venezuela (Bolivarian Republic of),2478
2014,Yemen,3939
2014,Zambia,1253
2014,Zimbabwe,1387
2015,Afghanistan,135
2015,Albania,588
2015,Algeria,2798
2015,Angola,94
2015,Antigua and Barbuda,15
2015,Argentina,1243
2015,Armenia,316
2015,Australia,16147
2015,Austria,89867
2015,Azerbaijan,556
2015,Bahrain,67
2015,Belarus,1269
2015,Belgium,49193
2015,Belize,633
2015,Benin,231
2015,Bolivia (Plurinational State of),28
2015,Bosnia and Herzegovina,35
2015,Botswana,471
2015,Brazil,14749
2015,Bulgaria,20352
2015,Burkina Faso,61
2015,Burundi,3972
2015,Cambodia,5
2015,Cameroon,6007
2015,Canada,19479
2015,Cayman Islands,72
2015,Central African Rep.,18
2015,Chad,2609
2015,Chile,616
2015,China,522
2015,"China, Hong Kong SAR",67
2015,Colombia,425
2015,Congo,3147
2015,Costa Rica,2704
2015,Cote d'Ivoire,117
2015,Croatia,276
2015,Cuba,122
2015,Curacao ,20
2015,Cyprus,2783
2015,Czechia,1508
2015,Dem. Rep. of the Congo,210
2015,Denmark,22672
2015,Djibouti,6560
2015,Dominican Rep.,30
2015,Egypt,23111
2015,El Salvador,25
2015,Estonia,201
2015,Eswatini,121
2015,Ethiopia,937
2015,Finland,29397
2015,France,118415
2015,Gabon,67
2015,Georgia,1533
2015,Germany,476629
2015,Ghana,1144
2015,Greece,17142
2015,Guatemala,153
2015,Guinea,46
2015,Guinea-Bissau,15
2015,Haiti,10
2015,Honduras,15
2015,Hungary,177311
2015,Iceland,344
2015,India,7207
2015,Indonesia,4678
2015,Iran (Islamic Rep. of),5
2015,Iraq,307
2015,Ireland,4788
2015,Israel,7534
2015,Italy,83220
2015,Japan,10702
2015,Jordan,19603
2015,Kazakhstan,423
2015,Kenya,15976
2015,Kuwait,222
2015,Kyrgyzstan,221
2015,Latvia,315
2015,Lebanon,18174
2015,Libya,101
2015,Liechtenstein,149
2015,Lithuania,285
2015,Luxembourg,3062
2015,Madagascar,5
2015,Malawi,3882
2015,Malaysia,22635
2015,Mali,394
2015,Malta,1966
2015,Mauritania,944
2015,Mexico,3401
2015,Micronesia (Federated States of),55
2015,Mongolia,5
2015,Montenegro,1586
2015,Morocco,1643
2015,Mozambique,4317
2015,Namibia,479
2015,Nauru,5
2015,Nepal,173
2015,Netherlands,45080
2015,New Zealand,456
2015,Nicaragua,130
2015,Niger,31
2015,Nigeria,506
2015,North Macedonia,1895
2015,Norway,36626
2015,Oman,67
2015,Pakistan,8856
2015,Panama,1822
2015,Papua New Guinea,21
2015,Paraguay,60
2015,Peru,401
2015,Philippines,160
2015,Poland,12200
2015,Portugal,876
2015,Qatar,31
2015,Rep. of Korea,5690
2015,Rep. of Moldova,298
2015,Romania,1334
2015,Russian Federation,152460
2015,Rwanda,238
2015,Samoa,5
2015,Saudi Arabia,10
2015,Senegal,339
2015,Serbia and Kosovo: S/RES/1244 (1999),635
2015,Sint Maarten (Dutch part),5
2015,Slovakia,311
2015,Slovenia,266
2015,Somalia,1261
2015,South Africa,120472
2015,South Sudan,792
2015,Spain,14868
2015,Sri Lanka,706
2015,Sudan,7111
2015,Sweden,173770
2015,Switzerland,39469
2015,Syrian Arab Rep.,5143
2015,Tajikistan,600
2015,Thailand,2609
2015,Togo,240
2015,Trinidad and Tobago,124
2015,Tunisia,148
2015,Turkey,134779
2015,Uganda,35914
2015,Ukraine,2356
2015,United Arab Emirates,585
2015,United Kingdom of Great Britain and Northern Ireland,53271
2015,United Rep. of Tanzania,1706
2015,United States of America,135971
2015,Uruguay,75
2015,Venezuela (Bolivarian Republic of),1486
2015,Yemen,2698
2015,Zambia,2960
2015,Zimbabwe,1009
2016,Afghanistan,55
2016,Albania,2176
2016,Algeria,2004
2016,Argentina,1882
2016,Armenia,137
2016,Aruba,5
2016,Australia,33467
2016,Austria,39887
2016,Azerbaijan,415
2016,Bahamas,5
2016,Bahrain,43
2016,Bangladesh,5
2016,Belarus,792
2016,Belgium,23484
2016,Belize,2016
2016,Benin,332
2016,Bolivia (Plurinational State of),10
2016,Bosnia and Herzegovina,74
2016,Botswana,179
2016,Brazil,10264
2016,British Virgin Islands,17
2016,Bulgaria,19308
2016,Burkina Faso,84
2016,Burundi,7190
2016,Cambodia,206
2016,Cameroon,3832
2016,Canada,23618
2016,Cayman Islands,177
2016,Central African Rep.,93
2016,Chad,166
2016,Chile,2281
2016,China,535
2016,"China, Hong Kong SAR",10
2016,Colombia,404
2016,Congo,2364
2016,Costa Rica,5872
2016,Cote d'Ivoire,64
2016,Croatia,2056
2016,Cuba,87
2016,Curacao ,43
2016,Cyprus,3763
2016,Czechia,1461
2016,Dem. Rep. of the Congo,443
2016,Denmark,8867
2016,Djibouti,5421
2016,Dominican Rep.,49
2016,Ecuador,5080
2016,Egypt,30727
2016,El Salvador,5
2016,Eritrea,5
2016,Estonia,60
2016,Eswatini,145
2016,Ethiopia,440
2016,Finland,5599
2016,France,125648
2016,Gabon,60
2016,Georgia,935
2016,Germany,745503
2016,Ghana,1160
2016,Greece,58241
2016,Guatemala,141
2016,Guinea,119
2016,Haiti,5
2016,Honduras,10
2016,Hungary,29398
2016,Iceland,1083
2016,India,8650
2016,Indonesia,3355
2016,Iran (Islamic Rep. of),85
2016,Iraq,4348
2016,Ireland,4494
2016,Israel,15043
2016,Italy,122949
2016,Jamaica,17
2016,Japan,16098
2016,Jordan,12138
2016,Kazakhstan,273
2016,Kenya,18243
2016,Kuwait,199
2016,Kyrgyzstan,192
2016,Latvia,342
2016,Lebanon,4446
2016,Lesotho,20
2016,Liberia,10
2016,Libya,1898
2016,Liechtenstein,70
2016,Lithuania,417
2016,Luxembourg,2613
2016,Madagascar,59
2016,Malawi,17038
2016,Malaysia,20413
2016,Mali,212
2016,Malta,1945
2016,Mauritania,653
2016,Mauritius,5
2016,Mexico,8763
2016,Mongolia,5
2016,Montenegro,326
2016,Morocco,2487
2016,Mozambique,2096
2016,Namibia,563
2016,Nepal,130
2016,Netherlands,21287
2016,New Zealand,546
2016,Nicaragua,203
2016,Niger,16
2016,Nigeria,204
2016,North Macedonia,758
2016,Norway,11883
2016,Oman,266
2016,Pakistan,6307
2016,Panama,3471
2016,Paraguay,53
2016,Peru,4343
2016,Philippines,100
2016,Poland,10993
2016,Portugal,1457
2016,Qatar,88
2016,Rep. of Korea,7516
2016,Rep. of Moldova,142
2016,Romania,1961
2016,Russian Federation,26360
2016,Rwanda,48
2016,Saint Kitts and Nevis,5
2016,Saudi Arabia,35
2016,Senegal,304
2016,Serbia and Kosovo: S/RES/1244 (1999),878
2016,Slovakia,115
2016,Slovenia,1296
2016,Somalia,3156
2016,South Africa,35346
2016,South Sudan,1055
2016,Spain,16530
2016,Sri Lanka,357
2016,Sudan,8536
2016,Suriname,40
2016,Sweden,53650
2016,Switzerland,27156
2016,Syrian Arab Rep.,10615
2016,Tajikistan,273
2016,Thailand,2597
2016,Togo,204
2016,Trinidad and Tobago,163
2016,Tunisia,44
2016,Turkey,79636
2016,Uganda,30273
2016,Ukraine,1429
2016,United Arab Emirates,516
2016,United Kingdom of Great Britain and Northern Ireland,51194
2016,United Rep. of Tanzania,6666
2016,United States of America,204786
2016,Uruguay,379
2016,Venezuela (Bolivarian Republic of),2886
2016,Yemen,4314
2016,Zambia,3948
2016,Zimbabwe,1505
2017,Afghanistan,151
2017,Albania,304
2017,Algeria,2381
2017,Argentina,2484
2017,Armenia,143
2017,Aruba,144
2017,Australia,49868
2017,Austria,22449
2017,Azerbaijan,289
2017,Bahamas,5
2017,Bangladesh,115
2017,Barbados,5
2017,Belarus,785
2017,Belgium,18930
2017,Belize,458
2017,Benin,282
2017,Bosnia and Herzegovina,364
2017,Botswana,54
2017,Brazil,33767
2017,Bulgaria,3688
2017,Burkina Faso,77
2017,Burundi,7077
2017,Cambodia,5
2017,Cameroon,4498
2017,Canada,52710
2017,Cayman Islands,34
2017,Central African Rep.,291
2017,Chad,377
2017,Chile,5640
2017,China,677
2017,"China, Hong Kong SAR",10
2017,Colombia,614
2017,Congo,2002
2017,Costa Rica,7123
2017,Cote d'Ivoire,200
2017,Croatia,1965
2017,Cuba,30
2017,Curacao ,713
2017,Cyprus,5730
2017,Czechia,1420
2017,Dem. Rep. of the Congo,162
2017,Denmark,7715
2017,Djibouti,1299
2017,Dominican Rep.,56
2017,Ecuador,6806
2017,Egypt,30383
2017,El Salvador,5
2017,Estonia,74
2017,Eswatini,219
2017,Ethiopia,914
2017,Fiji,10
2017,Finland,5030
2017,France,153948
2017,Gabon,29
2017,Gambia,10
2017,Georgia,944
2017,Germany,222647
2017,Ghana,311
2017,Greece,70322
2017,Grenada,5
2017,Guatemala,138
2017,Guinea,142
2017,Guyana,5
2017,Honduras,15
2017,Hungary,3380
2017,Iceland,1677
2017,India,9566
2017,Indonesia,2383
2017,Iraq,2527
2017,Ireland,3833
2017,Israel,15342
2017,Italy,126457
2017,Japan,28231
2017,Jordan,10639
2017,Kazakhstan,436
2017,Kenya,19760
2017,Kuwait,170
2017,Kyrgyzstan,127
2017,Latvia,340
2017,Lebanon,3230
2017,Lesotho,38
2017,Liberia,15
2017,Libya,6589
2017,Liechtenstein,149
2017,Lithuania,592
2017,Luxembourg,2435
2017,Madagascar,76
2017,Malawi,6933
2017,Malaysia,26182
2017,Mali,949
2017,Malta,1967
2017,Mauritania,612
2017,Mexico,14580
2017,Mongolia,5
2017,Montenegro,838
2017,Morocco,3457
2017,Mozambique,4647
2017,Namibia,606
2017,Nepal,140
2017,Netherlands,18214
2017,New Zealand,594
2017,Nicaragua,108
2017,Niger,310
2017,Nigeria,8791
2017,North Macedonia,150
2017,Norway,7882
2017,Oman,33
2017,Pakistan,2596
2017,Palau,5
2017,Panama,5575
2017,Paraguay,61
2017,Peru,34141
2017,Philippines,182
2017,Poland,5599
2017,Portugal,1730
2017,Rep. of Korea,9921
2017,Rep. of Moldova,98
2017,Romania,4916
2017,Russian Federation,14056
2017,Rwanda,10
2017,Saint Kitts and Nevis,5
2017,Saudi Arabia,42
2017,Senegal,281
2017,Serbia and Kosovo: S/RES/1244 (1999),379
2017,Slovakia,162
2017,Slovenia,1474
2017,Somalia,2871
2017,South Africa,24158
2017,South Sudan,1020
2017,Spain,31709
2017,Sri Lanka,450
2017,Sudan,7461
2017,Suriname,98
2017,Sweden,56830
2017,Switzerland,18044
2017,Syrian Arab Rep.,10170
2017,Tajikistan,135
2017,Thailand,3226
2017,Togo,158
2017,Trinidad and Tobago,1998
2017,Tunisia,57
2017,Turkey,126911
2017,Uganda,71953
2017,Ukraine,1156
2017,United Arab Emirates,1680
2017,United Kingdom of Great Britain and Northern Ireland,45011
2017,United Rep. of Tanzania,36502
2017,United States of America,265159
2017,Uruguay,2390
2017,Venezuela (Bolivarian Republic of),105
2017,Yemen,1223
2017,Zambia,18189
2017,Zimbabwe,1175
2018,Afghanistan,163
2018,Albania,4354
2018,Algeria,3561
2018,Argentina,3579
2018,Armenia,243
2018,Aruba,386
2018,Australia,42714
2018,Austria,13736
2018,Azerbaijan,728
2018,Bahamas,10
2018,Bahrain,16
2018,Bangladesh,32
2018,Barbados,5
2018,Belarus,898
2018,Belgium,22550
2018,Belize,381
2018,Benin,225
2018,Bosnia and Herzegovina,1584
2018,Botswana,298
2018,Brazil,79972
2018,Bulgaria,2527
2018,Burkina Faso,36
2018,Burundi,14362
2018,Cameroon,5242
2018,Canada,62611
2018,Cayman Islands,14
2018,Central African Rep.,156
2018,Chad,3287
2018,Chile,5777
2018,China,486
2018,Colombia,2675
2018,Congo,3081
2018,Costa Rica,28999
2018,Cote d'Ivoire,232
2018,Croatia,919
2018,Cuba,39
2018,Curacao ,19
2018,Cyprus,8974
2018,Czechia,2925
2018,Dem. Rep. of the Congo,5111
2018,Denmark,4365
2018,Djibouti,2174
2018,Dominican Rep.,22
2018,Ecuador,17022
2018,Egypt,26025
2018,El Salvador,30
2018,Estonia,72
2018,Eswatini,261
2018,Ethiopia,374
2018,Fiji,10
2018,Finland,4505
2018,France,182246
2018,Gabon,131
2018,Gambia,342
2018,Georgia,994
2018,Germany,319032
2018,Ghana,525
2018,Greece,82263
2018,Guatemala,259
2018,Guinea,1591
2018,Guinea-Bissau,10
2018,Guyana,17
2018,Honduras,105
2018,Hungary,660
2018,Iceland,1257
2018,India,8392
2018,Indonesia,1580
2018,Iraq,1531
2018,Ireland,5586
2018,Israel,16258
2018,Italy,48440
2018,Jamaica,13
2018,Japan,19514
2018,Jordan,10437
2018,Kazakhstan,224
2018,Kenya,19482
2018,Kuwait,94
2018,Kyrgyzstan,90
2018,Latvia,171
2018,Lebanon,2425
2018,Lesotho,22
2018,Liberia,11
2018,Libya,16252
2018,Liechtenstein,152
2018,Lithuania,420
2018,Luxembourg,2315
2018,Madagascar,33
2018,Malawi,5520
2018,Malaysia,29381
2018,Mali,9940
2018,Malta,2920
2018,Mauritania,1029
2018,Mauritius,11
2018,Mexico,29606
2018,Montenegro,3096
2018,Morocco,4069
2018,Mozambique,2509
2018,Namibia,801
2018,Nepal,84
2018,Netherlands,24018
2018,New Zealand,651
2018,Niger,5790
2018,Nigeria,546
2018,North Macedonia,292
2018,Norway,4678
2018,Oman,11
2018,Pakistan,1938
2018,Panama,10764
2018,Paraguay,334
2018,Peru,192477
2018,Philippines,218
2018,Poland,4310
2018,Portugal,1635
2018,Qatar,5
2018,Rep. of Korea,16124
2018,Rep. of Moldova,127
2018,Romania,2319
2018,Russian Federation,7831
2018,Rwanda,218
2018,Saudi Arabia,2263
2018,Senegal,231
2018,Serbia and Kosovo: S/RES/1244 (1999),896
2018,Slovakia,170
2018,Slovenia,2860
2018,Solomon Islands,5
2018,Somalia,2139
2018,South Africa,16120
2018,South Sudan,700
2018,Spain,55643
2018,Sri Lanka,445
2018,Sudan,1904
2018,Suriname,196
2018,Sweden,44564
2018,Switzerland,15216
2018,Syrian Arab Rep.,4704
2018,Tajikistan,520
2018,Thailand,1522
2018,Togo,111
2018,Trinidad and Tobago,8639
2018,Tunisia,307
2018,Turkey,84197
2018,Uganda,20057
2018,Ukraine,1308
2018,United Arab Emirates,7474
2018,United Kingdom of Great Britain and Northern Ireland,49139
2018,United Rep. of Tanzania,1784
2018,United States of America,260698
2018,Uruguay,6759
2018,Venezuela (Bolivarian Republic of),959
2018,Yemen,1811
2018,Zambia,11309
2018,Zimbabwe,2793
2019,Afghanistan,33
2019,Albania,66
2019,Algeria,2725
2019,Angola,45
2019,Argentina,3842
2019,Armenia,254
2019,Australia,42232
2019,Austria,12848
2019,Azerbaijan,712
2019,Bangladesh,5
2019,Barbados,5
2019,Belarus,687
2019,Belgium,12882
2019,Belize,530
2019,Benin,138
2019,Bolivia (Plurinational State of),901
2019,Bosnia and Herzegovina,797
2019,Botswana,21
2019,Brazil,82467
2019,Bulgaria,2131
2019,Burkina Faso,28
2019,Burundi,12883
2019,Cambodia,27
2019,Cameroon,3989
2019,Canada,70129
2019,Cayman Islands,23
2019,Central African Rep.,220
2019,Chad,1163
2019,Chile,770
2019,China,465
2019,"China, Hong Kong SAR",10
2019,Colombia,10621
2019,Congo,8975
2019,Costa Rica,60101
2019,Cote d'Ivoire,162
2019,Croatia,1275
2019,Cuba,46
2019,Curacao ,50
2019,Cyprus,14072
2019,Czechia,2809
2019,Dem. Rep. of the Congo,8612
2019,Denmark,3565
2019,Djibouti,840
2019,Dominican Rep.,233
2019,Ecuador,20856
2019,Egypt,25355
2019,El Salvador,29
2019,Estonia,94
2019,Eswatini,274
2019,Ethiopia,443
2019,Finland,6393
2019,France,191816
2019,Gabon,27
2019,Georgia,1218
2019,Germany,165857
2019,Ghana,490
2019,Greece,92661
2019,Guatemala,491
2019,Guinea,574
2019,Guinea-Bissau,10
2019,Guyana,57
2019,Haiti,5
2019,Honduras,104
2019,Hungary,482
2019,Iceland,1483
2019,India,7593
2019,Indonesia,1108
2019,Iraq,1060
2019,Ireland,6583
2019,Israel,9444
2019,Italy,34864
2019,Jamaica,5
2019,Japan,15505
2019,Jordan,1189
2019,Kazakhstan,337
2019,Kenya,12884
2019,Kuwait,141
2019,Kyrgyzstan,169
2019,Lao People's Dem. Rep.,10
2019,Latvia,181
2019,Lebanon,3610
2019,Lesotho,121
2019,Liberia,15
2019,Libya,12143
2019,Liechtenstein,39
2019,Lithuania,625
2019,Luxembourg,2195
2019,Madagascar,172
2019,Malawi,7603
2019,Malaysia,27627
2019,Mali,270
2019,Malta,3956
2019,Mauritania,1868
2019,Mauritius,15
2019,Mexico,70366
2019,Mongolia,21
2019,Montenegro,1910
2019,Morocco,5621
2019,Mozambique,797
2019,Namibia,1156
2019,Nepal,58
2019,Netherlands,25162
2019,New Zealand,720
2019,Niger,43584
2019,Nigeria,19681
2019,North Macedonia,452
2019,Norway,3594
2019,Pakistan,3606
2019,Panama,9726
2019,Paraguay,1071
2019,Peru,259833
2019,Philippines,218
2019,Poland,4190
2019,Portugal,1822
2019,Qatar,22
2019,Rep. of Korea,15433
2019,Rep. of Moldova,162
2019,Romania,2750
2019,Russian Federation,8094
2019,Rwanda,379
2019,Saudi Arabia,266
2019,Senegal,258
2019,Serbia and Kosovo: S/RES/1244 (1999),2316
2019,Sint Maarten (Dutch part),5
2019,Slovakia,244
2019,Slovenia,3868
2019,Somalia,2003
2019,South Africa,48419
2019,South Sudan,1385
2019,Spain,118252
2019,Sri Lanka,299
2019,Sudan,7086
2019,Suriname,1220
2019,Sweden,36017
2019,Switzerland,14203
2019,Syrian Arab Rep.,1570
2019,Tajikistan,3235
2019,Thailand,960
2019,Togo,118
2019,Trinidad and Tobago,9189
2019,Tunisia,1513
2019,Turkey,56417
2019,Uganda,33358
2019,Ukraine,1589
2019,United Arab Emirates,1642
2019,United Kingdom of Great Britain and Northern Ireland,54072
2019,United Rep. of Tanzania,10
2019,United States of America,315899
2019,Uruguay,12222
2019,Venezuela (Bolivarian Republic of),698
2019,Viet Nam,5
2019,Yemen,2470
2019,Zambia,7861
2019,Zimbabwe,1841
2020,Afghanistan,5
2020,Albania,12
2020,Algeria,1359
2020,Angola,20
2020,Argentina,1701
2020,Armenia,196
2020,Australia,33377
2020,Austria,14741
2020,Azerbaijan,583
2020,Bahamas,6
2020,Bangladesh,13
2020,Belarus,599
2020,Belgium,16881
2020,Belize,117
2020,Benin,97
2020,Bolivia (Plurinational State of),901
2020,Bosnia and Herzegovina,258
2020,Botswana,334
2020,Brazil,22565
2020,Bulgaria,3519
2020,Burkina Faso,27
2020,Burundi,5597
2020,Cameroon,1615
2020,Canada,25975
2020,Cayman Islands,20
2020,Central African Rep.,5
2020,Chad,1002
2020,Chile,1675
2020,China,427
2020,Colombia,11920
2020,Comoros,14
2020,Congo,293
2020,Costa Rica,22307
2020,Cote d'Ivoire,138
2020,Croatia,1678
2020,Curacao ,5
2020,Cyprus,8090
2020,Czechia,1897
2020,Dem. Rep. of the Congo,40
2020,Denmark,2034
2020,Djibouti,301
2020,Dominican Rep.,103
2020,Ecuador,6244
2020,Egypt,10261
2020,El Salvador,32
2020,Estonia,40
2020,Eswatini,147
2020,Ethiopia,295
2020,Finland,3141
2020,France,142394
2020,Georgia,844
2020,Germany,122136
2020,Ghana,787
2020,Greece,53431
2020,Guatemala,480
2020,Guinea,2801
2020,Guyana,26
2020,Honduras,74
2020,Hungary,107
2020,Iceland,1018
2020,India,2719
2020,Indonesia,634
2020,Iraq,502
2020,Ireland,2685
2020,Israel,1886
2020,Italy,26561
2020,Japan,6509
2020,Jordan,41
2020,Kazakhstan,144
2020,Kenya,5543
2020,Kuwait,34
2020,Kyrgyzstan,316
2020,Latvia,145
2020,Lebanon,2001
2020,Lesotho,174
2020,Liberia,10683
2020,Libya,8084
2020,Liechtenstein,31
2020,Lithuania,310
2020,Luxembourg,1245
2020,Madagascar,71
2020,Malawi,3278
2020,Malaysia,6432
2020,Mali,41
2020,Malta,2395
2020,Mauritania,2493
2020,Mexico,41204
2020,Montenegro,538
2020,Morocco,4326
2020,Mozambique,1457
2020,Namibia,576
2020,Nepal,25
2020,Netherlands,15225
2020,New Zealand,587
2020,Niger,1557
2020,Nigeria,2336
2020,North Macedonia,151
2020,Norway,2419
2020,Pakistan,1300
2020,Panama,648
2020,Paraguay,1439
2020,Peru,52529
2020,Philippines,199
2020,Poland,3446
2020,Portugal,988
2020,Rep. of Korea,6666
2020,Rep. of Moldova,110
2020,Romania,6240
2020,Russian Federation,6981
2020,Rwanda,204
2020,Saudi Arabia,1037
2020,Senegal,125
2020,Serbia and Kosovo: S/RES/1244 (1999),1533
2020,Sint Maarten (Dutch part),8
2020,Slovakia,268
2020,Slovenia,3561
2020,Somalia,1892
2020,South Africa,3074
2020,South Sudan,270
2020,Spain,88746
2020,Sri Lanka,86
2020,Sudan,9267
2020,Suriname,759
2020,Sweden,26687
2020,Switzerland,11004
2020,Syrian Arab Rep.,168
2020,Tajikistan,1090
2020,Thailand,569
2020,Togo,289
2020,Trinidad and Tobago,3560
2020,Tunisia,2637
2020,Turkey,31334
2020,Turks and Caicos Islands,16
2020,Uganda,23775
2020,Ukraine,983
2020,United Arab Emirates,98
2020,United Kingdom of Great Britain and Northern Ireland,41034
2020,United Rep. of Tanzania,756
2020,United States of America,238320
2020,Uruguay,2932
2020,Venezuela (Bolivarian Republic of),627
2020,Yemen,755
2020,Zambia,7657
2020,Zimbabwe,832
