Year,Country of origin,Total asylum applications
2006,Afghanistan,15441
2006,Albania,2229
2006,Algeria,4274
2006,Angola,3027
2006,Antigua and Barbuda,10
2006,Argentina,169
2006,Armenia,6352
2006,Australia,5
2006,Austria,16
2006,Azerbaijan,3396
2006,Bahamas,5
2006,Bahrain,35
2006,Bangladesh,13415
2006,Barbados,39
2006,Belarus,2253
2006,Belgium,5
2006,Belize,5
2006,Benin,161
2006,Bhutan,474
2006,Bolivia,856
2006,Bosnia and Herzegovina,2618
2006,Botswana,42
2006,Brazil,379
2006,Bulgaria,2049
2006,Burkina Faso,237
2006,Burundi,5068
2006,Cabo Verde,17
2006,Cambodia,336
2006,Cameroon,3639
2006,Canada,20
2006,Central African Rep.,2101
2006,Chad,2429
2006,Chile,146
2006,China,22079
2006,"China, Hong Kong SAR",34
2006,Colombia,17306
2006,Comoros,77
2006,Congo,4396
2006,Costa Rica,60
2006,Côte d'Ivoire,6924
2006,Croatia,274
2006,Cuba,1489
2006,Czechia,145
2006,South Korea,178
2006,Dem. Rep. Congo,21674
2006,Denmark,5
2006,Djibouti,132
2006,Dominica,10
2006,Dominican Rep.,223
2006,Ecuador,241
2006,Egypt,2145
2006,El Salvador,2733
2006,Equatorial Guinea,60
2006,Eritrea,21983
2006,Estonia,20
2006,Eswatini,27
2006,Ethiopia,19430
2006,Fiji,154
2006,France,35
2006,Gabon,52
2006,Gambia,736
2006,Georgia,5370
2006,Germany,78
2006,Ghana,2189
2006,Greece,10
2006,Grenada,57
2006,Guatemala,1719
2006,Guinea,4349
2006,Guinea-Bissau,304
2006,Guyana,409
2006,Haiti,11157
2006,Honduras,1223
2006,Hungary,519
2006,India,8603
2006,Indonesia,2337
2006,Iran,13946
2006,Iraq,36163
2006,Ireland,5
2006,Israel,982
2006,Italy,36
2006,Jamaica,556
2006,Japan,15
2006,Jordan,474
2006,Kazakhstan,786
2006,Kenya,1300
2006,Kuwait,377
2006,Kyrgyzstan,627
2006,Laos,337
2006,Latvia,94
2006,Lebanon,3713
2006,Lesotho,5
2006,Liberia,1894
2006,Libya,739
2006,Lithuania,117
2006,Madagascar,139
2006,Malawi,6501
2006,Malaysia,328
2006,Mali,666
2006,Mauritania,2631
2006,Mauritius,29
2006,Mexico,6631
2006,Mongolia,2143
2006,Montenegro,153
2006,Morocco,1352
2006,Mozambique,737
2006,Myanmar,13593
2006,Namibia,27
2006,Nepal,2071
2006,Netherlands,25
2006,New Zealand,5
2006,Nicaragua,278
2006,Niger,526
2006,Nigeria,11335
2006,North Macedonia,1223
2006,Norway,10
2006,Pakistan,11781
2006,Palestinian,1633
2006,Panama,15
2006,Papua New Guinea,30
2006,Paraguay,55
2006,Peru,1630
2006,Philippines,505
2006,Poland,183
2006,Portugal,59
2006,North Korea,377
2006,Rep. of Moldova,3339
2006,Romania,2168
2006,Russia,26012
2006,Rwanda,19635
2006,Saint Kitts and Nevis,5
2006,Saint Lucia,165
2006,Saint Vincent and the Grenadines,375
2006,Saudi Arabia,30
2006,Senegal,1042
2006,Serbia,21587
2006,Sierra Leone,2402
2006,Singapore,10
2006,Slovakia,581
2006,Slovenia,10
2006,Solomon Islands,42
2006,Somalia,46745
2006,South Africa,272
2006,Spain,25
2006,Sri Lanka,11540
2006,Stateless,2314
2006,S. Sudan,11834
2006,Suriname,15
2006,Sweden,35
2006,Syrian Arab Rep.,4709
2006,Tajikistan,110
2006,Thailand,211
2006,Timor-Leste,20
2006,Togo,2599
2006,Tonga,26
2006,Trinidad and Tobago,196
2006,Tunisia,509
2006,Turkey,15819
2006,Turkmenistan,148
2006,Uganda,1888
2006,Ukraine,3084
2006,United Arab Emirates,10
2006,United Kingdom,41
2006,Tanzania,1994
2006,United States of America,426
2006,Unknown ,36609
2006,Uruguay,51
2006,Uzbekistan,2024
2006,Venezuela,1137
2006,Vietnam,3112
2006,Western Sahara,30
2006,Yemen,366
2006,Zambia,301
2006,Zimbabwe,22266
2007,Afghanistan,18513
2007,Albania,1908
2007,Algeria,4034
2007,Andorra,5
2007,Angola,1852
2007,Argentina,177
2007,Armenia,6173
2007,Australia,10
2007,Austria,5
2007,Azerbaijan,2167
2007,Bahamas,17
2007,Bahrain,20
2007,Bangladesh,10645
2007,Barbados,12
2007,Belarus,1600
2007,Belgium,5
2007,Belize,20
2007,Benin,169
2007,Bhutan,1757
2007,Bolivia,694
2007,Bosnia and Herzegovina,1417
2007,Botswana,46
2007,Brazil,552
2007,Bulgaria,465
2007,Burkina Faso,490
2007,Burundi,4337
2007,Cabo Verde,10
2007,Cambodia,277
2007,Cameroon,3236
2007,Canada,61
2007,Central African Rep.,1820
2007,Chad,1372
2007,Chile,149
2007,China,20377
2007,"China, Hong Kong SAR",39
2007,Colombia,23236
2007,Comoros,135
2007,Congo,3285
2007,Costa Rica,53
2007,Côte d'Ivoire,7141
2007,Croatia,178
2007,Cuba,1579
2007,Czechia,205
2007,South Korea,851
2007,Dem. Rep. Congo,22830
2007,Djibouti,54
2007,Dominica,5
2007,Dominican Rep.,230
2007,Ecuador,208
2007,Egypt,1436
2007,El Salvador,3918
2007,Equatorial Guinea,64
2007,Eritrea,36371
2007,Estonia,20
2007,Eswatini,56
2007,Ethiopia,22466
2007,Fiji,208
2007,France,60
2007,Gabon,35
2007,Gambia,1061
2007,Georgia,5511
2007,Germany,67
2007,Ghana,2327
2007,Greece,5
2007,Grenada,41
2007,Guatemala,2647
2007,Guinea,4697
2007,Guinea-Bissau,241
2007,Guyana,208
2007,Haiti,8927
2007,Honduras,1345
2007,Hungary,113
2007,India,7123
2007,Indonesia,1651
2007,Iran,10883
2007,Iraq,58711
2007,Israel,660
2007,Italy,34
2007,Jamaica,487
2007,Japan,15
2007,Jordan,491
2007,Kazakhstan,519
2007,Kenya,3822
2007,Kuwait,295
2007,Kyrgyzstan,503
2007,Laos,99
2007,Latvia,20
2007,Lebanon,2646
2007,Lesotho,16
2007,Liberia,1591
2007,Libya,713
2007,Lithuania,55
2007,Madagascar,46
2007,Malawi,3447
2007,Malaysia,308
2007,Mali,1497
2007,Mauritania,1634
2007,Mauritius,62
2007,Mexico,9604
2007,Mongolia,1885
2007,Montenegro,558
2007,Morocco,966
2007,Mozambique,296
2007,Myanmar,14515
2007,Namibia,35
2007,Nepal,1965
2007,Netherlands,50
2007,New Zealand,5
2007,Nicaragua,433
2007,Niger,432
2007,Nigeria,12121
2007,North Macedonia,1055
2007,Norway,5
2007,Pakistan,18349
2007,Palestinian,2793
2007,Panama,30
2007,Papua New Guinea,37
2007,Paraguay,30
2007,Peru,3692
2007,Philippines,607
2007,Poland,115
2007,Portugal,52
2007,North Korea,361
2007,Rep. of Moldova,2183
2007,Romania,1061
2007,Russia,27046
2007,Rwanda,6334
2007,Saint Kitts and Nevis,5
2007,Saint Lucia,136
2007,Saint Vincent and the Grenadines,355
2007,Saudi Arabia,52
2007,Senegal,955
2007,Serbia,19695
2007,Seychelles,5
2007,Sierra Leone,1652
2007,Singapore,20
2007,Slovakia,841
2007,Slovenia,5
2007,Solomon Islands,5
2007,Somalia,47113
2007,South Africa,295
2007,Spain,26
2007,Sri Lanka,13837
2007,Stateless,3097
2007,S. Sudan,8559
2007,Suriname,5
2007,Sweden,20
2007,Syrian Arab Rep.,6640
2007,Tajikistan,99
2007,Thailand,302
2007,Tibetan,5
2007,Timor-Leste,24
2007,Togo,1392
2007,Tonga,25
2007,Trinidad and Tobago,150
2007,Tunisia,509
2007,Turkey,11864
2007,Turkmenistan,95
2007,Uganda,2287
2007,Ukraine,1944
2007,United Arab Emirates,15
2007,United Kingdom,30
2007,Tanzania,1399
2007,United States of America,1013
2007,Unknown ,49307
2007,Uruguay,44
2007,Uzbekistan,1808
2007,Venezuela,1049
2007,Vietnam,3644
2007,Western Sahara,30
2007,Yemen,335
2007,Zambia,325
2007,Zimbabwe,20936
2008,Afghanistan,30337
2008,Albania,2235
2008,Algeria,4196
2008,Angola,1534
2008,Antigua and Barbuda,16
2008,Argentina,148
2008,Armenia,5167
2008,Australia,10
2008,Azerbaijan,2418
2008,Bahamas,30
2008,Bahrain,5
2008,Bangladesh,14765
2008,Barbados,34
2008,Belarus,1644
2008,Belgium,21
2008,Belize,5
2008,Benin,384
2008,Bhutan,389
2008,Bolivia,392
2008,Bosnia and Herzegovina,1319
2008,Botswana,127
2008,Brazil,471
2008,Bulgaria,294
2008,Burkina Faso,1115
2008,Burundi,5083
2008,Cabo Verde,5
2008,Cambodia,204
2008,Cameroon,3994
2008,Canada,23
2008,Central African Rep.,1796
2008,Chad,3492
2008,Chile,195
2008,China,21178
2008,"China, Hong Kong SAR",49
2008,Colombia,25429
2008,Comoros,1134
2008,Congo,10726
2008,Costa Rica,48
2008,Côte d'Ivoire,6190
2008,Croatia,181
2008,Cuba,1357
2008,Czechia,959
2008,South Korea,401
2008,Dem. Rep. Congo,34161
2008,Denmark,5
2008,Djibouti,100
2008,Dominica,11
2008,Dominican Rep.,321
2008,Ecuador,338
2008,Egypt,2530
2008,El Salvador,3585
2008,Equatorial Guinea,57
2008,Eritrea,63221
2008,Eswatini,72
2008,Ethiopia,26277
2008,Fiji,212
2008,France,57
2008,Gabon,52
2008,Gambia,1691
2008,Georgia,9219
2008,Germany,97
2008,Ghana,5292
2008,Greece,5
2008,Grenada,36
2008,Guatemala,2205
2008,Guinea,4968
2008,Guinea-Bissau,345
2008,Guyana,217
2008,Haiti,8610
2008,Honduras,1451
2008,Hungary,324
2008,India,8601
2008,Indonesia,1774
2008,Iran,13324
2008,Iraq,52063
2008,Israel,583
2008,Italy,54
2008,Jamaica,698
2008,Japan,20
2008,Jordan,643
2008,Kazakhstan,854
2008,Kenya,3114
2008,Kuwait,325
2008,Kyrgyzstan,494
2008,Laos,97
2008,Latvia,35
2008,Lebanon,2545
2008,Lesotho,38
2008,Liberia,1612
2008,Libya,1416
2008,Lithuania,30
2008,Madagascar,30
2008,Malawi,16108
2008,Malaysia,526
2008,Mali,4573
2008,Mauritania,1821
2008,Mauritius,79
2008,Mexico,10802
2008,Mongolia,2677
2008,Montenegro,410
2008,Morocco,1184
2008,Mozambique,3657
2008,Myanmar,18616
2008,Namibia,24
2008,Nepal,1834
2008,Netherlands,21
2008,New Zealand,16
2008,Nicaragua,424
2008,Niger,4052
2008,Nigeria,17158
2008,North Macedonia,1020
2008,Oman,5
2008,Pakistan,20570
2008,Palestinian,2896
2008,Panama,29
2008,Papua New Guinea,27
2008,Paraguay,15
2008,Peru,2679
2008,Philippines,788
2008,Poland,143
2008,Portugal,31
2008,North Korea,462
2008,Rep. of Moldova,1407
2008,Romania,366
2008,Russia,23021
2008,Rwanda,2619
2008,Saint Kitts and Nevis,5
2008,Saint Lucia,257
2008,Saint Vincent and the Grenadines,498
2008,Samoa,5
2008,Saudi Arabia,56
2008,Senegal,2135
2008,Serbia,18469
2008,Seychelles,5
2008,Sierra Leone,1462
2008,Singapore,5
2008,Slovakia,384
2008,Slovenia,5
2008,Somalia,53045
2008,South Africa,479
2008,Spain,23
2008,Sri Lanka,13428
2008,Stateless,3718
2008,S. Sudan,9759
2008,Suriname,10
2008,Sweden,22
2008,Switzerland,15
2008,Syrian Arab Rep.,6939
2008,Tajikistan,195
2008,Thailand,227
2008,Timor-Leste,10
2008,Togo,1907
2008,Tonga,25
2008,Trinidad and Tobago,201
2008,Tunisia,852
2008,Turkey,9458
2008,Turkmenistan,111
2008,Uganda,3246
2008,Ukraine,1687
2008,United Arab Emirates,5
2008,United Kingdom,40
2008,Tanzania,4297
2008,United States of America,1043
2008,Unknown ,59086
2008,Uruguay,42
2008,Uzbekistan,2730
2008,Venezuela,1037
2008,Vietnam,3100
2008,Western Sahara,20
2008,Yemen,528
2008,Zambia,996
2008,Zimbabwe,118752
2009,Afghanistan,42514
2009,Albania,2690
2009,Algeria,4389
2009,Angola,1599
2009,Antigua and Barbuda,23
2009,Argentina,75
2009,Armenia,7156
2009,Australia,20
2009,Austria,5
2009,Azerbaijan,3081
2009,Bahamas,32
2009,Bahrain,10
2009,Bangladesh,12516
2009,Barbados,46
2009,Belarus,1563
2009,Belgium,25
2009,Belize,16
2009,Benin,335
2009,Bhutan,170
2009,Bolivia,325
2009,Bosnia and Herzegovina,1751
2009,Botswana,114
2009,Brazil,393
2009,Bulgaria,1046
2009,Burkina Faso,689
2009,Burundi,4650
2009,Cabo Verde,10
2009,Cambodia,216
2009,Cameroon,3334
2009,Canada,26
2009,Central African Rep.,1767
2009,Chad,1489
2009,Chile,158
2009,China,24387
2009,"China, Hong Kong SAR",55
2009,Colombia,39206
2009,Comoros,532
2009,Congo,4815
2009,Costa Rica,52
2009,Côte d'Ivoire,3646
2009,Croatia,248
2009,Cuba,3077
2009,Czechia,2327
2009,South Korea,211
2009,Dem. Rep. Congo,32122
2009,Denmark,10
2009,Djibouti,200
2009,Dominica,20
2009,Dominican Rep.,704
2009,Ecuador,292
2009,Egypt,2191
2009,El Salvador,3209
2009,Equatorial Guinea,49
2009,Eritrea,44246
2009,Estonia,30
2009,Eswatini,60
2009,Ethiopia,43571
2009,Fiji,509
2009,Finland,5
2009,France,52
2009,Gabon,119
2009,Gambia,1810
2009,Georgia,15731
2009,Germany,88
2009,Ghana,3688
2009,Greece,10
2009,Grenada,54
2009,Guatemala,2120
2009,Guinea,6096
2009,Guinea-Bissau,579
2009,Guyana,211
2009,Haiti,5586
2009,Honduras,1515
2009,Hungary,2685
2009,India,9130
2009,Indonesia,1494
2009,Iran,15882
2009,Iraq,34165
2009,Israel,559
2009,Italy,53
2009,Jamaica,701
2009,Japan,20
2009,Jordan,692
2009,Kazakhstan,1079
2009,Kenya,3783
2009,Kuwait,176
2009,Kyrgyzstan,603
2009,Laos,114
2009,Latvia,85
2009,Lebanon,1872
2009,Lesotho,258
2009,Liberia,1518
2009,Libya,1294
2009,Lithuania,88
2009,Madagascar,181
2009,Malawi,15985
2009,Malaysia,499
2009,Maldives,29
2009,Mali,1720
2009,Mauritania,2274
2009,Mauritius,95
2009,Mexico,11652
2009,Monaco,5
2009,Mongolia,3226
2009,Montenegro,320
2009,Morocco,1457
2009,Mozambique,2569
2009,Myanmar,49361
2009,Namibia,56
2009,Nepal,2532
2009,Netherlands,32
2009,New Zealand,15
2009,Nicaragua,423
2009,Niger,1868
2009,Nigeria,19397
2009,North Macedonia,1031
2009,Oman,5
2009,Pakistan,16713
2009,Palestinian,2583
2009,Panama,30
2009,Papua New Guinea,32
2009,Paraguay,20
2009,Peru,1992
2009,Philippines,960
2009,Poland,142
2009,Portugal,45
2009,North Korea,359
2009,Rep. of Moldova,1686
2009,Romania,465
2009,Russia,22774
2009,Rwanda,7207
2009,Saint Kitts and Nevis,10
2009,Saint Lucia,376
2009,Saint Vincent and the Grenadines,656
2009,Saudi Arabia,78
2009,Senegal,1551
2009,Serbia,22343
2009,Seychelles,5
2009,Sierra Leone,1861
2009,Slovakia,659
2009,Slovenia,10
2009,Somalia,40105
2009,South Africa,519
2009,Spain,57
2009,Sri Lanka,14214
2009,Stateless,4427
2009,S. Sudan,10341
2009,Suriname,15
2009,Sweden,20
2009,Switzerland,10
2009,Syrian Arab Rep.,7043
2009,Tajikistan,320
2009,Thailand,209
2009,Tibetan,5
2009,Togo,1115
2009,Tonga,41
2009,Trinidad and Tobago,181
2009,Tunisia,998
2009,Turkey,10116
2009,Turkmenistan,103
2009,Uganda,2388
2009,Ukraine,1725
2009,United Arab Emirates,26
2009,United Kingdom,53
2009,Tanzania,2087
2009,United States of America,570
2009,Unknown ,64791
2009,Uruguay,23
2009,Uzbekistan,2103
2009,Venezuela,776
2009,Vietnam,3219
2009,Western Sahara,44
2009,Yemen,759
2009,Zambia,1080
2009,Zimbabwe,158558
2010,Afghanistan,40154
2010,Albania,2556
2010,Algeria,5289
2010,Angola,1848
2010,Antigua and Barbuda,18
2010,Argentina,85
2010,Armenia,8545
2010,Australia,10
2010,Austria,5
2010,Azerbaijan,3156
2010,Bahamas,40
2010,Bahrain,31
2010,Bangladesh,12457
2010,Barbados,41
2010,Belarus,1571
2010,Belgium,10
2010,Belize,37
2010,Benin,324
2010,Bhutan,179
2010,Bolivia,236
2010,Bosnia and Herzegovina,2528
2010,Botswana,80
2010,Brazil,466
2010,Bulgaria,802
2010,Burkina Faso,528
2010,Burundi,5248
2010,Cabo Verde,5
2010,Cambodia,223
2010,Cameroon,3305
2010,Canada,30
2010,Central African Rep.,2081
2010,Chad,1991
2010,Chile,154
2010,China,25944
2010,"China, Hong Kong SAR",59
2010,"China, Macao SAR",5
2010,Colombia,32385
2010,Comoros,1121
2010,Congo,2965
2010,Cook Islands,5
2010,Costa Rica,46
2010,Côte d'Ivoire,3299
2010,Croatia,426
2010,Cuba,5859
2010,Czechia,183
2010,South Korea,387
2010,Dem. Rep. Congo,38666
2010,Denmark,5
2010,Djibouti,225
2010,Dominica,25
2010,Dominican Rep.,529
2010,Ecuador,506
2010,Egypt,2930
2010,El Salvador,3810
2010,Equatorial Guinea,47
2010,Eritrea,25212
2010,Estonia,25
2010,Eswatini,54
2010,Ethiopia,18416
2010,Fiji,888
2010,France,49
2010,Gabon,83
2010,Gambia,1786
2010,Georgia,10193
2010,Germany,80
2010,Ghana,2941
2010,Greece,28
2010,Grenada,45
2010,Guatemala,2568
2010,Guinea,8201
2010,Guinea-Bissau,514
2010,Guyana,155
2010,Haiti,6834
2010,Honduras,1656
2010,Hungary,2438
2010,Iceland,5
2010,India,7650
2010,Indonesia,944
2010,Iran,19140
2010,Iraq,31293
2010,Ireland,5
2010,Israel,427
2010,Italy,80
2010,Jamaica,884
2010,Japan,10
2010,Jordan,695
2010,Kazakhstan,1393
2010,Kenya,1681
2010,Kuwait,184
2010,Kyrgyzstan,2531
2010,Laos,122
2010,Latvia,161
2010,Lebanon,1747
2010,Lesotho,779
2010,Liberia,1224
2010,Libya,1175
2010,Lithuania,106
2010,Madagascar,297
2010,Malawi,4045
2010,Malaysia,607
2010,Mali,1416
2010,Malta,5
2010,Mauritania,2682
2010,Mauritius,149
2010,Mexico,5271
2010,Mongolia,2698
2010,Montenegro,485
2010,Morocco,1581
2010,Mozambique,1031
2010,Myanmar,28479
2010,Namibia,337
2010,Nepal,2447
2010,Netherlands,33
2010,New Zealand,10
2010,Nicaragua,365
2010,Niger,542
2010,Nigeria,14491
2010,North Macedonia,8702
2010,Oman,5
2010,Pakistan,16412
2010,Palestinian,3312
2010,Panama,36
2010,Papua New Guinea,72
2010,Paraguay,30
2010,Peru,1536
2010,Philippines,903
2010,Poland,124
2010,Portugal,60
2010,Qatar,5
2010,North Korea,291
2010,Rep. of Moldova,1199
2010,Romania,564
2010,Russia,24243
2010,Rwanda,8368
2010,Saint Kitts and Nevis,15
2010,Saint Lucia,501
2010,Saint Vincent and the Grenadines,715
2010,San Marino,5
2010,Saudi Arabia,109
2010,Senegal,1828
2010,Serbia,40906
2010,Seychelles,5
2010,Sierra Leone,1178
2010,Singapore,25
2010,Slovakia,402
2010,Solomon Islands,5
2010,Somalia,40392
2010,South Africa,460
2010,Spain,70
2010,Sri Lanka,14999
2010,Stateless,4753
2010,S. Sudan,13469
2010,Suriname,15
2010,Sweden,24
2010,Switzerland,10
2010,Syrian Arab Rep.,8349
2010,Tajikistan,456
2010,Thailand,173
2010,Timor-Leste,5
2010,Togo,1228
2010,Tonga,52
2010,Trinidad and Tobago,109
2010,Tunisia,1125
2010,Turkey,9887
2010,Turkmenistan,97
2010,Uganda,1986
2010,Ukraine,1597
2010,United Arab Emirates,15
2010,United Kingdom,62
2010,Tanzania,876
2010,United States of America,472
2010,Unknown ,32132
2010,Uruguay,43
2010,Uzbekistan,2500
2010,Venezuela,934
2010,Vietnam,3087
2010,Western Sahara,66
2010,Yemen,864
2010,Zambia,323
2010,Zimbabwe,150101
2011,Afghanistan,50217
2011,Albania,3921
2011,Algeria,5875
2011,Angola,1447
2011,Antigua and Barbuda,31
2011,Argentina,105
2011,Armenia,7821
2011,Australia,10
2011,Austria,5
2011,Azerbaijan,3011
2011,Bahamas,48
2011,Bahrain,233
2011,Bangladesh,15100
2011,Barbados,71
2011,Belarus,2164
2011,Belgium,10
2011,Belize,45
2011,Benin,383
2011,Bermuda,5
2011,Bhutan,139
2011,Bolivia,261
2011,Bosnia and Herzegovina,3275
2011,Botswana,149
2011,Brazil,596
2011,Bulgaria,440
2011,Burkina Faso,1351
2011,Burundi,6387
2011,Cabo Verde,18
2011,Cambodia,218
2011,Cameroon,3996
2011,Canada,37
2011,Central African Rep.,2513
2011,Chad,2467
2011,Chile,140
2011,China,28305
2011,"China, Hong Kong SAR",27
2011,"China, Macao SAR",5
2011,Colombia,21318
2011,Comoros,1437
2011,Congo,3332
2011,Costa Rica,52
2011,Côte d'Ivoire,33730
2011,Croatia,595
2011,Cuba,1977
2011,Czechia,117
2011,South Korea,695
2011,Dem. Rep. Congo,35557
2011,Djibouti,282
2011,Dominica,22
2011,Dominican Rep.,692
2011,Ecuador,904
2011,Egypt,5350
2011,El Salvador,5329
2011,Equatorial Guinea,51
2011,Eritrea,25554
2011,Estonia,52
2011,Eswatini,157
2011,Ethiopia,30423
2011,Fiji,605
2011,Finland,5
2011,France,71
2011,Gabon,67
2011,Gambia,2365
2011,Georgia,8496
2011,Germany,79
2011,Ghana,7035
2011,Greece,25
2011,Grenada,67
2011,Guatemala,4069
2011,Guinea,8791
2011,Guinea-Bissau,773
2011,Guyana,259
2011,Haiti,8630
2011,Honduras,2174
2011,Hungary,4510
2011,India,9098
2011,Indonesia,1123
2011,Iran,24817
2011,Iraq,32737
2011,Israel,329
2011,Italy,51
2011,Jamaica,973
2011,Japan,63
2011,Jordan,733
2011,Kazakhstan,1365
2011,Kenya,1547
2011,Kuwait,222
2011,Kyrgyzstan,2316
2011,Laos,64
2011,Latvia,78
2011,Lebanon,1782
2011,Lesotho,185
2011,Liberia,1759
2011,Libya,4921
2011,Lithuania,96
2011,Madagascar,160
2011,Malawi,4131
2011,Malaysia,468
2011,Mali,4568
2011,Mauritania,2021
2011,Mauritius,211
2011,Mexico,9149
2011,Mongolia,2621
2011,Montenegro,737
2011,Morocco,3186
2011,Mozambique,575
2011,Myanmar,31326
2011,Namibia,999
2011,Nauru,5
2011,Nepal,3546
2011,Netherlands,35
2011,New Zealand,23
2011,Nicaragua,457
2011,Niger,1251
2011,Nigeria,20536
2011,North Macedonia,7029
2011,Norway,5
2011,Oman,5
2011,Pakistan,26477
2011,Palestinian,2305
2011,Panama,10
2011,Papua New Guinea,116
2011,Paraguay,15
2011,Peru,682
2011,Philippines,945
2011,Poland,336
2011,Portugal,87
2011,Puerto Rico,5
2011,North Korea,300
2011,Rep. of Moldova,1041
2011,Romania,646
2011,Russia,21817
2011,Rwanda,3578
2011,Saint Kitts and Nevis,18
2011,Saint Lucia,604
2011,Saint Vincent and the Grenadines,692
2011,Sao Tome and Principe,5
2011,Saudi Arabia,145
2011,Senegal,3075
2011,Serbia,29093
2011,Sierra Leone,1310
2011,Singapore,33
2011,Slovakia,433
2011,Slovenia,5
2011,Solomon Islands,10
2011,Somalia,38605
2011,South Africa,418
2011,South Sudan,5
2011,Spain,114
2011,Sri Lanka,13297
2011,Stateless,4493
2011,S. Sudan,20938
2011,Suriname,31
2011,Sweden,20
2011,Syrian Arab Rep.,14212
2011,Tajikistan,445
2011,Thailand,217
2011,Togo,3036
2011,Tonga,61
2011,Trinidad and Tobago,174
2011,Tunisia,9661
2011,Turkey,8634
2011,Turkmenistan,76
2011,Turks and Caicos Islands,5
2011,Uganda,3248
2011,Ukraine,1640
2011,United Arab Emirates,10
2011,United Kingdom,64
2011,Tanzania,951
2011,United States of America,429
2011,Unknown ,56046
2011,Uruguay,41
2011,Uzbekistan,2070
2011,Venezuela,1087
2011,Vietnam,2877
2011,Western Sahara,191
2011,Yemen,1362
2011,Zambia,252
2011,Zimbabwe,53236
2012,Afghanistan,65609
2012,Albania,9059
2012,Algeria,8263
2012,Angola,2298
2012,Antigua and Barbuda,37
2012,Argentina,117
2012,Armenia,8472
2012,Australia,10
2012,Austria,10
2012,Azerbaijan,2843
2012,Bahamas,38
2012,Bahrain,120
2012,Bangladesh,17645
2012,Barbados,48
2012,Belarus,2115
2012,Belgium,15
2012,Belize,39
2012,Benin,468
2012,Bhutan,955
2012,Bolivia,224
2012,Bosnia and Herzegovina,6903
2012,Botswana,141
2012,Brazil,633
2012,Bulgaria,359
2012,Burkina Faso,843
2012,Burundi,8446
2012,Cabo Verde,15
2012,Cambodia,282
2012,Cameroon,4972
2012,Canada,40
2012,Central African Rep.,3487
2012,Chad,1491
2012,Chile,80
2012,China,30625
2012,"China, Hong Kong SAR",53
2012,Colombia,17482
2012,Comoros,1217
2012,Congo,3616
2012,Costa Rica,35
2012,Côte d'Ivoire,6913
2012,Croatia,1112
2012,Cuba,1562
2012,Czechia,93
2012,South Korea,1076
2012,Dem. Rep. Congo,59823
2012,Djibouti,291
2012,Dominica,45
2012,Dominican Rep.,1028
2012,Ecuador,1477
2012,Egypt,7483
2012,El Salvador,5587
2012,Equatorial Guinea,62
2012,Eritrea,32005
2012,Estonia,381
2012,Eswatini,146
2012,Ethiopia,30092
2012,Fiji,533
2012,Finland,10
2012,France,57
2012,Gabon,68
2012,Gambia,2786
2012,Georgia,14094
2012,Germany,56
2012,Ghana,11019
2012,Greece,163
2012,Grenada,46
2012,Guatemala,4397
2012,Guinea,8396
2012,Guinea-Bissau,1105
2012,Guyana,155
2012,Haiti,5549
2012,Honduras,2813
2012,Hungary,2029
2012,India,12244
2012,Indonesia,1130
2012,Iran,25497
2012,Iraq,28838
2012,Ireland,18
2012,Israel,350
2012,Italy,90
2012,Jamaica,783
2012,Japan,41
2012,Jordan,696
2012,Kazakhstan,1606
2012,Kenya,1699
2012,Kiribati,5
2012,Kuwait,216
2012,Kyrgyzstan,1547
2012,Laos,60
2012,Latvia,42
2012,Lebanon,2262
2012,Lesotho,492
2012,Liberia,763
2012,Libya,2406
2012,Lithuania,60
2012,Madagascar,285
2012,Malawi,4852
2012,Malaysia,452
2012,Maldives,35
2012,Mali,3895
2012,Mauritania,3472
2012,Mauritius,220
2012,Mexico,11557
2012,Micronesia,5
2012,Mongolia,1710
2012,Montenegro,1572
2012,Morocco,4277
2012,Mozambique,1833
2012,Myanmar,23399
2012,Namibia,85
2012,Nepal,4016
2012,Netherlands,53
2012,New Zealand,20
2012,Nicaragua,355
2012,Niger,658
2012,Nigeria,23207
2012,North Macedonia,11471
2012,Norway,5
2012,Oman,5
2012,Pakistan,35438
2012,Palestinian,2828
2012,Panama,28
2012,Papua New Guinea,102
2012,Paraguay,25
2012,Peru,677
2012,Philippines,783
2012,Poland,274
2012,Portugal,70
2012,Qatar,10
2012,North Korea,284
2012,Rep. of Moldova,989
2012,Romania,766
2012,Russia,29884
2012,Rwanda,4072
2012,Saint Kitts and Nevis,17
2012,Saint Lucia,445
2012,Saint Vincent and the Grenadines,368
2012,Samoa,15
2012,Saudi Arabia,186
2012,Senegal,4603
2012,Serbia,35018
2012,Sierra Leone,1253
2012,Singapore,36
2012,Slovakia,558
2012,Slovenia,16
2012,Solomon Islands,10
2012,Somalia,32563
2012,South Africa,314
2012,South Sudan,10471
2012,Spain,110
2012,Sri Lanka,18215
2012,Stateless,5235
2012,S. Sudan,14607
2012,Suriname,78
2012,Sweden,20
2012,Switzerland,10
2012,Syrian Arab Rep.,35238
2012,Tajikistan,417
2012,Thailand,152
2012,Timor-Leste,5
2012,Togo,1112
2012,Tonga,119
2012,Trinidad and Tobago,133
2012,Tunisia,4903
2012,Turkey,10410
2012,Turkmenistan,157
2012,Turks and Caicos Islands,5
2012,Tuvalu,5
2012,Uganda,4122
2012,Ukraine,1834
2012,United Arab Emirates,25
2012,United Kingdom,82
2012,Tanzania,619
2012,United States of America,333
2012,Unknown ,53738
2012,Uruguay,20
2012,Uzbekistan,1698
2012,Venezuela,952
2012,Vietnam,2797
2012,Western Sahara,215
2012,Yemen,1397
2012,Zambia,297
2012,Zimbabwe,22269
2013,Afghanistan,56971
2013,Albania,14690
2013,Algeria,10614
2013,Angola,2778
2013,Antigua and Barbuda,19
2013,Argentina,66
2013,Armenia,8331
2013,Australia,5
2013,Austria,15
2013,Azerbaijan,3519
2013,Bahamas,25
2013,Bahrain,109
2013,Bangladesh,23439
2013,Barbados,24
2013,Belarus,1618
2013,Belgium,31
2013,Belize,43
2013,Benin,579
2013,Bhutan,126
2013,Bolivia,204
2013,Bosnia and Herzegovina,8205
2013,Botswana,33
2013,Brazil,444
2013,Bulgaria,266
2013,Burkina Faso,1152
2013,Burundi,5747
2013,Cabo Verde,20
2013,Cambodia,316
2013,Cameroon,4952
2013,Canada,30
2013,Cayman Islands,5
2013,Central African Rep.,6409
2013,Chad,1392
2013,Chile,69
2013,China,25532
2013,"China, Hong Kong SAR",5
2013,Colombia,14921
2013,Comoros,1279
2013,Congo,3331
2013,Costa Rica,486
2013,Côte d'Ivoire,6638
2013,Croatia,364
2013,Cuba,1632
2013,Curacao ,67
2013,Czechia,78
2013,South Korea,581
2013,Dem. Rep. Congo,66807
2013,Djibouti,402
2013,Dominica,15
2013,Dominican Rep.,708
2013,Ecuador,1933
2013,Egypt,11858
2013,El Salvador,6589
2013,Equatorial Guinea,44
2013,Eritrea,37099
2013,Estonia,20
2013,Eswatini,80
2013,Ethiopia,32592
2013,Fiji,581
2013,France,41
2013,Gabon,88
2013,Gambia,4914
2013,Georgia,12585
2013,Germany,55
2013,Ghana,6363
2013,Greece,112
2013,Grenada,23
2013,Guatemala,5063
2013,Guinea,9493
2013,Guinea-Bissau,1243
2013,Guyana,109
2013,Haiti,5284
2013,Honduras,4000
2013,Hungary,304
2013,Iceland,5
2013,India,11050
2013,Indonesia,1104
2013,Iran,27959
2013,Iraq,49554
2013,Ireland,36
2013,Israel,174
2013,Italy,112
2013,Jamaica,592
2013,Japan,30
2013,Jordan,1233
2013,Kazakhstan,1566
2013,Kenya,1620
2013,Kiribati,5
2013,Kuwait,232
2013,Kyrgyzstan,1556
2013,Laos,58
2013,Latvia,53
2013,Lebanon,3114
2013,Lesotho,3424
2013,Liberia,870
2013,Libya,3061
2013,Lithuania,66
2013,Luxembourg,5
2013,Madagascar,232
2013,Malawi,2871
2013,Malaysia,424
2013,Maldives,51
2013,Mali,9402
2013,Marshall Islands,5
2013,Mauritania,3368
2013,Mauritius,146
2013,Mexico,10278
2013,Micronesia,5
2013,Mongolia,1921
2013,Montenegro,1262
2013,Morocco,6715
2013,Mozambique,3766
2013,Myanmar,58570
2013,Namibia,44
2013,Nepal,3706
2013,Netherlands,44
2013,New Zealand,17
2013,Nicaragua,391
2013,Niger,634
2013,Nigeria,28063
2013,North Macedonia,11922
2013,Norway,10
2013,Oman,10
2013,Pakistan,42172
2013,Palau,5
2013,Palestinian,5358
2013,Panama,15
2013,Papua New Guinea,142
2013,Paraguay,20
2013,Peru,506
2013,Philippines,719
2013,Poland,289
2013,Portugal,34
2013,North Korea,181
2013,Rep. of Moldova,808
2013,Romania,740
2013,Russia,46337
2013,Rwanda,3195
2013,Saint Kitts and Nevis,20
2013,Saint Lucia,71
2013,Saint Vincent and the Grenadines,79
2013,Samoa,12
2013,Saudi Arabia,236
2013,Senegal,5400
2013,Serbia,49202
2013,Seychelles,5
2013,Sierra Leone,1422
2013,Singapore,28
2013,Slovakia,108
2013,Slovenia,5
2013,Solomon Islands,17
2013,Somalia,39416
2013,South Africa,364
2013,South Sudan,14290
2013,Spain,69
2013,Sri Lanka,16326
2013,Stateless,11900
2013,S. Sudan,17488
2013,Suriname,39
2013,Sweden,16
2013,Syrian Arab Rep.,70565
2013,Tajikistan,551
2013,Thailand,149
2013,Timor-Leste,5
2013,Togo,1444
2013,Tonga,121
2013,Trinidad and Tobago,105
2013,Tunisia,5080
2013,Turkey,10168
2013,Turkmenistan,343
2013,Uganda,3604
2013,Ukraine,1872
2013,United Arab Emirates,34
2013,United Kingdom,139
2013,Tanzania,894
2013,United States of America,216
2013,Unknown ,16488
2013,Uruguay,10
2013,Uzbekistan,1940
2013,Venezuela,1148
2013,Vietnam,2703
2013,Western Sahara,368
2013,Yemen,1653
2013,Zambia,280
2013,Zimbabwe,17861
2014,Afghanistan,84066
2014,Albania,24290
2014,Algeria,8832
2014,Angola,1974
2014,Antigua and Barbuda,30
2014,Argentina,57
2014,Armenia,8032
2014,Australia,15
2014,Azerbaijan,3958
2014,Bahamas,44
2014,Bahrain,95
2014,Bangladesh,27086
2014,Barbados,27
2014,Belarus,1314
2014,Belgium,15
2014,Belize,52
2014,Benin,752
2014,Bhutan,132
2014,Bolivia,186
2014,Bosnia and Herzegovina,11848
2014,Botswana,63
2014,Brazil,654
2014,Bulgaria,180
2014,Burkina Faso,1390
2014,Burundi,9046
2014,Cabo Verde,46
2014,Cambodia,235
2014,Cameroon,5310
2014,Canada,27
2014,Central African Rep.,15874
2014,Chad,1804
2014,Chile,69
2014,China,26975
2014,"China, Hong Kong SAR",39
2014,"China, Macao SAR",5
2014,Colombia,6552
2014,Comoros,1039
2014,Congo,3836
2014,Costa Rica,67
2014,Côte d'Ivoire,8501
2014,Croatia,187
2014,Cuba,2441
2014,Cyprus,5
2014,Czechia,142
2014,South Korea,206
2014,Dem. Rep. Congo,60358
2014,Djibouti,549
2014,Dominica,30
2014,Dominican Rep.,1090
2014,Ecuador,3603
2014,Egypt,8958
2014,El Salvador,11734
2014,Equatorial Guinea,72
2014,Eritrea,62611
2014,Eswatini,133
2014,Ethiopia,36883
2014,Fiji,614
2014,France,55
2014,Gabon,117
2014,Gambia,12811
2014,Georgia,12373
2014,Germany,57
2014,Ghana,8770
2014,Greece,67
2014,Grenada,20
2014,Guadeloupe,11
2014,Guatemala,9250
2014,Guinea,14231
2014,Guinea-Bissau,1616
2014,Guyana,117
2014,Haiti,6001
2014,Honduras,8014
2014,Hungary,560
2014,India,12516
2014,Indonesia,746
2014,Iran,27771
2014,Iraq,108921
2014,Ireland,105
2014,Israel,259
2014,Italy,123
2014,Jamaica,691
2014,Japan,23
2014,Jordan,1231
2014,Kazakhstan,1413
2014,Kenya,1596
2014,Kiribati,5
2014,Kuwait,249
2014,Kyrgyzstan,1682
2014,Laos,75
2014,Latvia,55
2014,Lebanon,3931
2014,Lesotho,1452
2014,Liberia,1535
2014,Libya,4425
2014,Lithuania,56
2014,Madagascar,168
2014,Malawi,2683
2014,Malaysia,995
2014,Maldives,5
2014,Mali,15648
2014,Malta,5
2014,Mauritania,5796
2014,Mauritius,149
2014,Mexico,14166
2014,Monaco,5
2014,Mongolia,2800
2014,Montenegro,2172
2014,Morocco,5999
2014,Mozambique,1566
2014,Myanmar,28994
2014,Namibia,55
2014,Nepal,4643
2014,Netherlands,32
2014,New Zealand,10
2014,Nicaragua,483
2014,Niger,690
2014,Nigeria,36511
2014,North Macedonia,10916
2014,Norway,5
2014,Oman,10
2014,Pakistan,44205
2014,Palestinian,4637
2014,Panama,25
2014,Papua New Guinea,162
2014,Paraguay,12
2014,Peru,636
2014,Philippines,735
2014,Poland,318
2014,Portugal,22
2014,Qatar,10
2014,North Korea,239
2014,Rep. of Moldova,977
2014,Romania,506
2014,Russia,24542
2014,Rwanda,5110
2014,Saint Kitts and Nevis,5
2014,Saint Lucia,49
2014,Saint Vincent and the Grenadines,65
2014,Samoa,5
2014,Sao Tome and Principe,5
2014,Saudi Arabia,344
2014,Senegal,9345
2014,Serbia,75677
2014,Seychelles,10
2014,Sierra Leone,2137
2014,Singapore,25
2014,Slovakia,544
2014,Slovenia,10
2014,Solomon Islands,19
2014,Somalia,45947
2014,South Africa,506
2014,South Sudan,2351
2014,Spain,81
2014,Sri Lanka,14233
2014,Stateless,18532
2014,S. Sudan,24493
2014,Suriname,37
2014,Sweden,5
2014,Syrian Arab Rep.,174940
2014,Tajikistan,839
2014,Thailand,406
2014,Tibetan,10
2014,Togo,1423
2014,Tonga,106
2014,Trinidad and Tobago,127
2014,Tunisia,3662
2014,Turkey,10009
2014,Turkmenistan,606
2014,Uganda,4039
2014,Ukraine,289916
2014,United Arab Emirates,49
2014,United Kingdom,41
2014,Tanzania,1039
2014,United States of America,333
2014,Unknown ,13127
2014,Uruguay,18
2014,Uzbekistan,1792
2014,Venezuela,4185
2014,Vietnam,3019
2014,Western Sahara,1102
2014,Yemen,1997
2014,Zambia,213
2014,Zimbabwe,21975
2015,Afghanistan,280346
2015,Albania,73988
2015,Algeria,10488
2015,Andorra,5
2015,Angola,2831
2015,Antigua and Barbuda,19
2015,Argentina,92
2015,Armenia,7074
2015,Australia,5
2015,Azerbaijan,3781
2015,Bahamas,97
2015,Bahrain,87
2015,Bangladesh,36776
2015,Barbados,40
2015,Belarus,1441
2015,Belgium,31
2015,Belize,40
2015,Benin,982
2015,Bhutan,148
2015,Bolivia,179
2015,Bosnia and Herzegovina,9757
2015,Botswana,58
2015,Brazil,1119
2015,Brunei Darussalam,5
2015,Bulgaria,145
2015,Burkina Faso,2052
2015,Burundi,19676
2015,Cabo Verde,133
2015,Cambodia,271
2015,Cameroon,7530
2015,Canada,36
2015,Central African Rep.,10663
2015,Chad,1515
2015,Chile,110
2015,China,30763
2015,"China, Hong Kong SAR",79
2015,"China, Macao SAR",10
2015,Colombia,6292
2015,Comoros,681
2015,Congo,4001
2015,Costa Rica,103
2015,Côte d'Ivoire,8930
2015,Croatia,106
2015,Cuba,2411
2015,Cyprus,10
2015,Czechia,108
2015,South Korea,178
2015,Dem. Rep. Congo,64890
2015,Denmark,5
2015,Djibouti,552
2015,Dominica,95
2015,Dominican Rep.,1642
2015,Ecuador,3800
2015,Egypt,8023
2015,El Salvador,22927
2015,Equatorial Guinea,231
2015,Eritrea,65023
2015,Estonia,25
2015,Eswatini,100
2015,Ethiopia,36989
2015,Fiji,431
2015,France,72
2015,Gabon,216
2015,Gambia,14444
2015,Georgia,11402
2015,Germany,53
2015,Ghana,11332
2015,Greece,69
2015,Grenada,25
2015,Guadeloupe,5
2015,Guatemala,16711
2015,Guinea,10143
2015,Guinea-Bissau,1786
2015,Guyana,151
2015,Haiti,7401
2015,Honduras,16500
2015,Hungary,1092
2015,India,16189
2015,Indonesia,1739
2015,Iran,47098
2015,Iraq,215382
2015,Ireland,53
2015,Israel,232
2015,Italy,118
2015,Jamaica,830
2015,Japan,26
2015,Jordan,1533
2015,Kazakhstan,1314
2015,Kenya,1694
2015,Kuwait,657
2015,Kyrgyzstan,1242
2015,Laos,83
2015,Latvia,107
2015,Lebanon,5091
2015,Lesotho,996
2015,Liberia,874
2015,Libya,7094
2015,Lithuania,77
2015,Madagascar,173
2015,Malawi,5107
2015,Malaysia,3688
2015,Maldives,38
2015,Mali,10280
2015,Mauritania,2757
2015,Mauritius,206
2015,Mexico,19575
2015,Micronesia,5
2015,Mongolia,3414
2015,Montenegro,4427
2015,Morocco,7331
2015,Mozambique,1924
2015,Myanmar,24765
2015,Namibia,65
2015,Nepal,5797
2015,Netherlands,42
2015,New Zealand,10
2015,Nicaragua,799
2015,Niger,781
2015,Nigeria,54292
2015,North Macedonia,16613
2015,Norway,15
2015,Oman,20
2015,Pakistan,68779
2015,Palestinian,5264
2015,Panama,25
2015,Papua New Guinea,174
2015,Paraguay,48
2015,Peru,770
2015,Philippines,1380
2015,Poland,297
2015,Portugal,44
2015,Qatar,10
2015,North Korea,214
2015,Rep. of Moldova,2378
2015,Romania,540
2015,Russia,28660
2015,Rwanda,4069
2015,Saint Kitts and Nevis,25
2015,Saint Lucia,82
2015,Saint Vincent and the Grenadines,60
2015,Samoa,15
2015,Sao Tome and Principe,5
2015,Saudi Arabia,395
2015,Senegal,14206
2015,Serbia,109885
2015,Seychelles,5
2015,Sierra Leone,1507
2015,Singapore,16
2015,Slovakia,452
2015,Slovenia,15
2015,Solomon Islands,34
2015,Somalia,40153
2015,South Africa,808
2015,South Sudan,2318
2015,Spain,75
2015,Sri Lanka,13302
2015,Stateless,21987
2015,S. Sudan,28575
2015,Suriname,32
2015,Sweden,10
2015,Switzerland,5
2015,Syrian Arab Rep.,416865
2015,Tajikistan,1476
2015,Thailand,822
2015,Tibetan,10
2015,Togo,1977
2015,Tonga,54
2015,Trinidad and Tobago,118
2015,Tunisia,3039
2015,Turkey,9217
2015,Turkmenistan,614
2015,Uganda,4704
2015,Ukraine,178733
2015,United Arab Emirates,64
2015,United Kingdom,68
2015,Tanzania,1469
2015,United States of America,390
2015,Unknown ,27737
2015,Uruguay,28
2015,Uzbekistan,1684
2015,Venezuela,10368
2015,Vietnam,4036
2015,Western Sahara,951
2015,Yemen,15244
2015,Zambia,404
2015,Zimbabwe,36228
2016,Afghanistan,254554
2016,Albania,38473
2016,Algeria,14605
2016,Angola,3377
2016,Antigua and Barbuda,34
2016,Argentina,106
2016,Armenia,10471
2016,Australia,5
2016,Austria,5
2016,Azerbaijan,7100
2016,Bahamas,139
2016,Bahrain,115
2016,Bangladesh,28365
2016,Barbados,47
2016,Belarus,1701
2016,Belgium,15
2016,Belize,77
2016,Benin,795
2016,Bhutan,144
2016,Bolivia,200
2016,Bosnia and Herzegovina,5043
2016,Botswana,50
2016,Brazil,1825
2016,Brunei Darussalam,5
2016,Bulgaria,106
2016,Burkina Faso,2878
2016,Burundi,9043
2016,Cabo Verde,33
2016,Cambodia,382
2016,Cameroon,9002
2016,Canada,56
2016,Central African Rep.,8505
2016,Chad,1592
2016,Chile,161
2016,China,33997
2016,"China, Hong Kong SAR",79
2016,Colombia,11293
2016,Comoros,423
2016,Congo,3663
2016,Costa Rica,120
2016,Côte d'Ivoire,14368
2016,Croatia,46
2016,Cuba,3939
2016,Cyprus,10
2016,Czechia,163
2016,South Korea,271
2016,Dem. Rep. Congo,65061
2016,Djibouti,727
2016,Dominica,30
2016,Dominican Rep.,1486
2016,Ecuador,4584
2016,Egypt,9568
2016,El Salvador,43319
2016,Equatorial Guinea,81
2016,Eritrea,62778
2016,Estonia,16
2016,Eswatini,40
2016,Ethiopia,40748
2016,Fiji,615
2016,Finland,5
2016,France,96
2016,Gabon,375
2016,Gambia,17992
2016,Georgia,14910
2016,Germany,97
2016,Ghana,11274
2016,Greece,62
2016,Grenada,25
2016,Guatemala,26665
2016,Guinea,17653
2016,Guinea-Bissau,1707
2016,Guyana,152
2016,Haiti,14464
2016,Honduras,24991
2016,Hungary,1053
2016,India,18312
2016,Indonesia,4215
2016,Iran,68626
2016,Iraq,195543
2016,Ireland,35
2016,Israel,364
2016,Italy,123
2016,Jamaica,887
2016,Japan,40
2016,Jordan,1805
2016,Kazakhstan,1990
2016,Kenya,1779
2016,Kuwait,533
2016,Kyrgyzstan,1255
2016,Laos,53
2016,Latvia,35
2016,Lebanon,8570
2016,Lesotho,33
2016,Liberia,1337
2016,Libya,6271
2016,Lithuania,35
2016,Madagascar,162
2016,Malawi,1996
2016,Malaysia,10217
2016,Maldives,30
2016,Mali,11596
2016,Mauritania,2269
2016,Mauritius,224
2016,Mexico,28253
2016,Micronesia,5
2016,Mongolia,3836
2016,Montenegro,2010
2016,Morocco,13776
2016,Mozambique,11375
2016,Myanmar,20373
2016,Namibia,58
2016,Nepal,6275
2016,Netherlands,10
2016,New Zealand,35
2016,Nicaragua,1641
2016,Niger,843
2016,Nigeria,60110
2016,North Macedonia,9455
2016,Norway,25
2016,Oman,20
2016,Pakistan,66989
2016,Palestinian,5316
2016,Panama,32
2016,Papua New Guinea,204
2016,Paraguay,36
2016,Peru,1145
2016,Philippines,2948
2016,Poland,244
2016,Portugal,30
2016,Qatar,20
2016,North Korea,188
2016,Rep. of Moldova,4603
2016,Romania,930
2016,Russia,32354
2016,Rwanda,3933
2016,Saint Kitts and Nevis,10
2016,Saint Lucia,59
2016,Saint Vincent and the Grenadines,57
2016,Samoa,17
2016,Saudi Arabia,842
2016,Senegal,12328
2016,Serbia,29084
2016,Seychelles,5
2016,Sierra Leone,2552
2016,Singapore,26
2016,Slovakia,427
2016,Slovenia,5
2016,Solomon Islands,68
2016,Somalia,41415
2016,South Africa,613
2016,South Sudan,3744
2016,Spain,57
2016,Sri Lanka,14808
2016,Stateless,11844
2016,S. Sudan,31961
2016,Suriname,35
2016,Sweden,30
2016,Switzerland,5
2016,Syrian Arab Rep.,357615
2016,Tajikistan,3659
2016,Thailand,555
2016,Tibetan,17
2016,Togo,2090
2016,Tonga,68
2016,Trinidad and Tobago,137
2016,Tunisia,3174
2016,Turkey,19976
2016,Turkmenistan,505
2016,Tuvalu,5
2016,Uganda,3495
2016,Ukraine,48844
2016,United Arab Emirates,113
2016,United Kingdom,82
2016,Tanzania,818
2016,United States of America,353
2016,Unknown ,30848
2016,Uruguay,53
2016,Uzbekistan,1902
2016,Vanuatu,5
2016,Venezuela,34377
2016,Vietnam,5757
2016,Western Sahara,1469
2016,Yemen,9303
2016,Zambia,224
2016,Zimbabwe,9693
2017,Afghanistan,150452
2017,Albania,36726
2017,Algeria,13613
2017,Angola,4927
2017,Antigua and Barbuda,61
2017,Argentina,183
2017,Armenia,10202
2017,Australia,20
2017,Austria,10
2017,Azerbaijan,6335
2017,Bahamas,244
2017,Bahrain,98
2017,Bangladesh,33901
2017,Barbados,73
2017,Belarus,2250
2017,Belgium,20
2017,Belize,87
2017,Benin,692
2017,Bhutan,104
2017,Bolivia,224
2017,Bosnia and Herzegovina,3221
2017,Botswana,65
2017,Brazil,3411
2017,Brunei Darussalam,5
2017,Bulgaria,123
2017,Burkina Faso,2505
2017,Burundi,40336
2017,Cabo Verde,55
2017,Cambodia,1208
2017,Cameroon,18823
2017,Canada,60
2017,Central African Rep.,8837
2017,Chad,2067
2017,Chile,242
2017,China,38592
2017,"China, Hong Kong SAR",20
2017,Colombia,17670
2017,Comoros,564
2017,Congo,3634
2017,Costa Rica,187
2017,Côte d'Ivoire,17115
2017,Croatia,77
2017,Cuba,11129
2017,Cyprus,10
2017,Czechia,218
2017,South Korea,229
2017,Dem. Rep. Congo,109250
2017,Denmark,16
2017,Djibouti,1272
2017,Dominica,32
2017,Dominican Rep.,1782
2017,Ecuador,4139
2017,Egypt,10411
2017,El Salvador,60283
2017,Equatorial Guinea,70
2017,Eritrea,56254
2017,Estonia,25
2017,Eswatini,45
2017,Ethiopia,29331
2017,Fiji,478
2017,Finland,10
2017,France,72
2017,French Guiana,5
2017,Gabon,736
2017,Gambia,13856
2017,Georgia,16407
2017,Germany,92
2017,Ghana,9135
2017,Greece,61
2017,Grenada,23
2017,Guadeloupe,16
2017,Guatemala,36569
2017,Guinea,23559
2017,Guinea-Bissau,1762
2017,Guyana,234
2017,Haiti,30688
2017,Honduras,35078
2017,Hungary,795
2017,India,19244
2017,Indonesia,4887
2017,Iran,42169
2017,Iraq,127872
2017,Ireland,34
2017,Israel,450
2017,Italy,183
2017,Jamaica,1086
2017,Japan,64
2017,Jordan,2236
2017,Kazakhstan,2910
2017,Kenya,2266
2017,Kuwait,1021
2017,Kyrgyzstan,1155
2017,Laos,71
2017,Latvia,40
2017,Lebanon,4000
2017,Lesotho,15
2017,Liberia,1729
2017,Libya,6172
2017,Lithuania,53
2017,Luxembourg,5
2017,Madagascar,121
2017,Malawi,1096
2017,Malaysia,15089
2017,Maldives,10
2017,Mali,12329
2017,Malta,10
2017,Mauritania,2384
2017,Mauritius,210
2017,Mexico,29190
2017,Micronesia,5
2017,Mongolia,2802
2017,Montenegro,1060
2017,Morocco,10456
2017,Mozambique,1956
2017,Myanmar,24029
2017,Namibia,156
2017,Nepal,6105
2017,Netherlands,67
2017,New Zealand,35
2017,Nicaragua,1491
2017,Niger,879
2017,Nigeria,57123
2017,North Macedonia,7407
2017,Norway,20
2017,Oman,37
2017,Pakistan,56692
2017,Palestinian,7855
2017,Panama,62
2017,Papua New Guinea,228
2017,Paraguay,66
2017,Peru,1504
2017,Philippines,8215
2017,Poland,263
2017,Portugal,134
2017,Qatar,16
2017,North Korea,246
2017,Rep. of Moldova,2598
2017,Romania,1473
2017,Russia,23811
2017,Rwanda,3819
2017,Saint Kitts and Nevis,15
2017,Saint Lucia,50
2017,Saint Vincent and the Grenadines,47
2017,Samoa,12
2017,Sao Tome and Principe,5
2017,Saudi Arabia,828
2017,Senegal,13901
2017,Serbia,18879
2017,Sierra Leone,3369
2017,Singapore,25
2017,Slovakia,345
2017,Slovenia,5
2017,Solomon Islands,50
2017,Somalia,44737
2017,South Africa,967
2017,South Sudan,5815
2017,Spain,118
2017,Sri Lanka,15744
2017,Stateless,8522
2017,S. Sudan,29312
2017,Suriname,30
2017,Sweden,20
2017,Syrian Arab Rep.,125693
2017,Tajikistan,2132
2017,Thailand,1027
2017,Tibetan,5
2017,Timor-Leste,10
2017,Togo,2183
2017,Tonga,82
2017,Trinidad and Tobago,199
2017,Tunisia,2645
2017,Turkey,27274
2017,Turkmenistan,563
2017,Uganda,3374
2017,Ukraine,34402
2017,United Arab Emirates,76
2017,United Kingdom,75
2017,Tanzania,594
2017,United States of America,2501
2017,Unknown ,13046
2017,Uruguay,90
2017,Uzbekistan,1800
2017,Vanuatu,15
2017,Venezuela,112489
2017,Vietnam,10278
2017,Western Sahara,1810
2017,Yemen,13195
2017,Zambia,164
2017,Zimbabwe,4770
2018,Afghanistan,138944
2018,Albania,33278
2018,Algeria,15390
2018,Angola,4928
2018,Antigua and Barbuda,31
2018,Argentina,309
2018,Armenia,11705
2018,Australia,15
2018,Austria,20
2018,Azerbaijan,8277
2018,Bahamas,282
2018,Bahrain,97
2018,Bangladesh,28472
2018,Barbados,77
2018,Belarus,2480
2018,Belgium,73
2018,Belize,85
2018,Benin,739
2018,Bhutan,123
2018,Bolivia,327
2018,Bosnia and Herzegovina,2997
2018,Botswana,74
2018,Brazil,4015
2018,Bulgaria,155
2018,Burkina Faso,10329
2018,Burundi,10099
2018,Cabo Verde,42
2018,Cambodia,1963
2018,Cameroon,12661
2018,Canada,61
2018,Central African Rep.,10238
2018,Chad,3425
2018,Chile,401
2018,China,38042
2018,"China, Hong Kong SAR",15
2018,"China, Macao SAR",21
2018,Colombia,27671
2018,Comoros,614
2018,Congo,3107
2018,Costa Rica,246
2018,Côte d'Ivoire,14698
2018,Croatia,47
2018,Cuba,20779
2018,Cyprus,15
2018,Czechia,112
2018,South Korea,92
2018,Dem. Rep. Congo,67483
2018,Denmark,23
2018,Djibouti,514
2018,Dominica,45
2018,Dominican Rep.,1835
2018,Ecuador,4752
2018,Egypt,12135
2018,El Salvador,49961
2018,Equatorial Guinea,143
2018,Eritrea,47371
2018,Estonia,10
2018,Eswatini,32
2018,Ethiopia,29488
2018,Fiji,914
2018,Finland,5
2018,France,125
2018,French Guiana,12
2018,Gabon,824
2018,Gambia,9314
2018,Georgia,29459
2018,Germany,111
2018,Ghana,5681
2018,Greece,100
2018,Grenada,21
2018,Guatemala,38542
2018,Guinea,23226
2018,Guinea-Bissau,1326
2018,Guyana,308
2018,Haiti,20955
2018,Honduras,43399
2018,Hungary,749
2018,Iceland,5
2018,India,29162
2018,Indonesia,3593
2018,Iran,51451
2018,Iraq,99754
2018,Ireland,37
2018,Israel,265
2018,Italy,259
2018,Jamaica,1018
2018,Japan,43
2018,Jordan,2377
2018,Kazakhstan,4516
2018,Kenya,3198
2018,Kuwait,1361
2018,Kyrgyzstan,1623
2018,Laos,159
2018,Latvia,50
2018,Lebanon,4163
2018,Lesotho,15
2018,Liberia,1577
2018,Libya,7107
2018,Lithuania,47
2018,Luxembourg,5
2018,Madagascar,255
2018,Malawi,791
2018,Malaysia,17526
2018,Maldives,15
2018,Mali,9485
2018,Mauritania,2685
2018,Mauritius,164
2018,Mexico,35055
2018,Micronesia,10
2018,Mongolia,3002
2018,Montenegro,1013
2018,Morocco,11678
2018,Mozambique,475
2018,Myanmar,28816
2018,Namibia,417
2018,Nepal,6606
2018,Netherlands,50
2018,New Zealand,5
2018,Nicaragua,31683
2018,Niger,1903
2018,Nigeria,59733
2018,North Macedonia,6754
2018,Norway,5
2018,Oman,16
2018,Pakistan,54525
2018,Palestinian,10310
2018,Panama,88
2018,Papua New Guinea,175
2018,Paraguay,130
2018,Peru,2747
2018,Philippines,5278
2018,Poland,468
2018,Portugal,178
2018,North Korea,315
2018,Rep. of Moldova,6209
2018,Romania,2554
2018,Russia,32442
2018,Rwanda,3689
2018,Saint Kitts and Nevis,10
2018,Saint Lucia,65
2018,Saint Vincent and the Grenadines,41
2018,Samoa,13
2018,Saudi Arabia,798
2018,Senegal,9614
2018,Serbia,16372
2018,Sierra Leone,4788
2018,Singapore,20
2018,Slovakia,203
2018,Slovenia,5
2018,Solomon Islands,73
2018,Somalia,37516
2018,South Africa,1366
2018,South Sudan,10005
2018,Spain,153
2018,Sri Lanka,13726
2018,Stateless,5798
2018,S. Sudan,37985
2018,Suriname,30
2018,Sweden,20
2018,Switzerland,5
2018,Syrian Arab Rep.,126368
2018,Tajikistan,2460
2018,Thailand,2406
2018,Timor-Leste,5
2018,Togo,2157
2018,Tonga,70
2018,Trinidad and Tobago,185
2018,Tunisia,4717
2018,Turkey,39075
2018,Turkmenistan,513
2018,Uganda,3988
2018,Ukraine,22569
2018,United Arab Emirates,75
2018,United Kingdom,169
2018,Tanzania,817
2018,United States of America,1886
2018,Unknown ,18665
2018,Uruguay,88
2018,Uzbekistan,2838
2018,Vanuatu,37
2018,Venezuela,348854
2018,Vietnam,7922
2018,Western Sahara,1214
2018,Yemen,16854
2018,Zambia,189
2018,Zimbabwe,3140
2019,Afghanistan,114946
2019,Albania,30642
2019,Algeria,13322
2019,Angola,5197
2019,Antigua and Barbuda,42
2019,Argentina,651
2019,Armenia,6763
2019,Australia,10
2019,Austria,5
2019,Azerbaijan,4608
2019,Bahamas,357
2019,Bahrain,55
2019,Bangladesh,25076
2019,Barbados,101
2019,Belarus,2455
2019,Belgium,84
2019,Belize,126
2019,Benin,688
2019,Bhutan,66
2019,Bolivia,528
2019,Bosnia and Herzegovina,2203
2019,Botswana,91
2019,Brazil,6444
2019,Bulgaria,134
2019,Burkina Faso,1502
2019,Burundi,22338
2019,Cabo Verde,69
2019,Cambodia,2007
2019,Cameroon,31714
2019,Canada,65
2019,Central African Rep.,6482
2019,Chad,3235
2019,Chile,1088
2019,China,38318
2019,"China, Hong Kong SAR",45
2019,"China, Macao SAR",10
2019,Colombia,51163
2019,Comoros,1848
2019,Congo,2601
2019,Costa Rica,313
2019,Côte d'Ivoire,12695
2019,Croatia,40
2019,Cuba,46479
2019,Cyprus,25
2019,Czechia,90
2019,South Korea,40
2019,Dem. Rep. Congo,57277
2019,Denmark,10
2019,Djibouti,350
2019,Dominica,64
2019,Dominican Rep.,2139
2019,Ecuador,5886
2019,Egypt,10543
2019,El Salvador,57434
2019,Equatorial Guinea,103
2019,Eritrea,36710
2019,Estonia,10
2019,Eswatini,39
2019,Ethiopia,17176
2019,Fiji,1771
2019,France,97
2019,Gabon,765
2019,Gambia,4172
2019,Georgia,29442
2019,Germany,102
2019,Ghana,4199
2019,Greece,52
2019,Grenada,49
2019,Guatemala,59952
2019,Guinea,19753
2019,Guinea-Bissau,872
2019,Guyana,330
2019,Haiti,40644
2019,Holy See,5
2019,Honduras,80160
2019,Hungary,396
2019,Iceland,5
2019,India,32529
2019,Indonesia,2170
2019,Iran,38639
2019,Iraq,62441
2019,Ireland,52
2019,Israel,189
2019,Italy,230
2019,Jamaica,1028
2019,Japan,51
2019,Jordan,2530
2019,Kazakhstan,4835
2019,Kenya,2424
2019,Kuwait,911
2019,Kyrgyzstan,1499
2019,Laos,163
2019,Latvia,40
2019,Lebanon,3784
2019,Lesotho,5
2019,Liberia,1181
2019,Libya,4621
2019,Liechtenstein,5
2019,Lithuania,49
2019,Madagascar,231
2019,Malawi,374
2019,Malaysia,15197
2019,Maldives,10
2019,Mali,10340
2019,Malta,5
2019,Mauritania,3356
2019,Mauritius,164
2019,Mexico,40189
2019,Micronesia,5
2019,Mongolia,2241
2019,Montenegro,617
2019,Morocco,12186
2019,Mozambique,200
2019,Myanmar,25408
2019,Namibia,696
2019,Nauru,5
2019,Nepal,5439
2019,Netherlands,50
2019,New Zealand,5
2019,Nicaragua,52918
2019,Niger,1262
2019,Nigeria,84210
2019,North Macedonia,4475
2019,Oman,34
2019,Pakistan,40769
2019,Palestinian,9011
2019,Panama,141
2019,Papua New Guinea,327
2019,Paraguay,468
2019,Peru,8399
2019,Philippines,3328
2019,Poland,405
2019,Portugal,144
2019,Qatar,10
2019,North Korea,376
2019,Rep. of Moldova,6444
2019,Romania,1485
2019,Russia,27733
2019,Rwanda,5017
2019,Saint Kitts and Nevis,10
2019,Saint Lucia,55
2019,Saint Vincent and the Grenadines,56
2019,Samoa,33
2019,Sao Tome and Principe,5
2019,Saudi Arabia,771
2019,Senegal,8373
2019,Serbia,11887
2019,Seychelles,10
2019,Sierra Leone,2344
2019,Singapore,15
2019,Slovakia,83
2019,Solomon Islands,73
2019,Somalia,38161
2019,South Africa,1847
2019,South Sudan,8294
2019,Spain,130
2019,Sri Lanka,13372
2019,Stateless,7160
2019,S. Sudan,28000
2019,Suriname,66
2019,Sweden,20
2019,Syrian Arab Rep.,91273
2019,Tajikistan,1911
2019,Thailand,2383
2019,Timor-Leste,20
2019,Togo,1420
2019,Tonga,245
2019,Trinidad and Tobago,228
2019,Tunisia,4778
2019,Turkey,35527
2019,Turkmenistan,192
2019,Tuvalu,10
2019,Uganda,3412
2019,Ukraine,19435
2019,United Arab Emirates,62
2019,United Kingdom,104
2019,Tanzania,800
2019,United States of America,2084
2019,Unknown ,107336
2019,Uruguay,190
2019,Uzbekistan,2978
2019,Vanuatu,25
2019,Venezuela,440793
2019,Vietnam,6916
2019,Western Sahara,572
2019,Yemen,9584
2019,Zambia,118
2019,Zimbabwe,1899
2020,Afghanistan,85856
2020,Albania,14709
2020,Algeria,9787
2020,Angola,4263
2020,Anguilla,5
2020,Antigua and Barbuda,7
2020,Argentina,634
2020,Armenia,4201
2020,Australia,10
2020,Azerbaijan,2484
2020,Bahamas,305
2020,Bahrain,45
2020,Bangladesh,21481
2020,Barbados,40
2020,Belarus,2042
2020,Belgium,49
2020,Belize,75
2020,Benin,530
2020,Bhutan,40
2020,Bolivia,347
2020,Bosnia and Herzegovina,1611
2020,Botswana,48
2020,Brazil,7606
2020,Brunei Darussalam,5
2020,Bulgaria,55
2020,Burkina Faso,995
2020,Burundi,9493
2020,Cabo Verde,5
2020,Cambodia,400
2020,Cameroon,8424
2020,Canada,34
2020,Central African Rep.,3857
2020,Chad,2533
2020,Chile,1661
2020,China,24011
2020,"China, Hong Kong SAR",311
2020,Colombia,41421
2020,Comoros,2392
2020,Congo,2197
2020,Costa Rica,194
2020,Côte d'Ivoire,23938
2020,Croatia,5
2020,Cuba,24758
2020,Czechia,22
2020,South Korea,41
2020,Dem. Rep. Congo,38405
2020,Djibouti,228
2020,Dominica,24
2020,Dominican Rep.,946
2020,Ecuador,5271
2020,Egypt,7374
2020,El Salvador,35261
2020,Equatorial Guinea,103
2020,Eritrea,23139
2020,Estonia,5
2020,Eswatini,25
2020,Ethiopia,15134
2020,Fiji,1468
2020,France,52
2020,Gabon,495
2020,Gambia,3853
2020,Georgia,12500
2020,Germany,58
2020,Ghana,3007
2020,Greece,44
2020,Grenada,31
2020,Guadeloupe,27
2020,Guatemala,41929
2020,Guinea,16089
2020,Guinea-Bissau,458
2020,Guyana,154
2020,Haiti,27565
2020,Honduras,54004
2020,Hungary,234
2020,India,16820
2020,Indonesia,1826
2020,Iran,19451
2020,Iraq,34796
2020,Ireland,37
2020,Israel,89
2020,Italy,140
2020,Jamaica,671
2020,Japan,40
2020,Jordan,1554
2020,Kazakhstan,2577
2020,Kenya,2076
2020,Kuwait,718
2020,Kyrgyzstan,1144
2020,Laos,162
2020,Latvia,15
2020,Lebanon,2894
2020,Liberia,819
2020,Libya,3392
2020,Liechtenstein,6
2020,Lithuania,15
2020,Madagascar,188
2020,Malawi,252
2020,Malaysia,8582
2020,Maldives,17
2020,Mali,9584
2020,Mauritania,2787
2020,Mauritius,125
2020,Mexico,23968
2020,Micronesia,6
2020,Mongolia,1815
2020,Montenegro,309
2020,Morocco,9443
2020,Mozambique,93
2020,Myanmar,8150
2020,Namibia,408
2020,Nauru,8
2020,Nepal,2167
2020,Netherlands,34
2020,New Zealand,13
2020,Nicaragua,19524
2020,Niger,2124
2020,Nigeria,26467
2020,North Macedonia,1693
2020,Norway,14
2020,Oman,28
2020,Pakistan,28929
2020,Palestinian,5277
2020,Panama,150
2020,Papua New Guinea,218
2020,Paraguay,407
2020,Peru,7144
2020,Philippines,1404
2020,Poland,165
2020,Portugal,63
2020,Qatar,9
2020,North Korea,154
2020,Rep. of Moldova,4939
2020,Romania,630
2020,Russia,15920
2020,Rwanda,2920
2020,Saint Kitts and Nevis,5
2020,Saint Lucia,33
2020,Saint Vincent and the Grenadines,26
2020,Samoa,54
2020,Saudi Arabia,298
2020,Senegal,5725
2020,Serbia,6781
2020,Sierra Leone,3651
2020,Singapore,27
2020,Slovakia,16
2020,Solomon Islands,87
2020,Somalia,23725
2020,South Africa,926
2020,South Sudan,3056
2020,Spain,102
2020,Sri Lanka,6673
2020,Stateless,3837
2020,S. Sudan,16911
2020,Suriname,95
2020,Syrian Arab Rep.,81798
2020,Tajikistan,1219
2020,Thailand,1772
2020,Timor-Leste,318
2020,Togo,993
2020,Tonga,439
2020,Trinidad and Tobago,114
2020,Tunisia,3496
2020,Turkey,22627
2020,Turkmenistan,177
2020,Uganda,2101
2020,Ukraine,13099
2020,United Arab Emirates,51
2020,United Kingdom,84
2020,Tanzania,387
2020,United States of America,865
2020,Unknown ,32632
2020,Uruguay,211
2020,Uzbekistan,2931
2020,Vanuatu,71
2020,Venezuela,152777
2020,Vietnam,6013
2020,Western Sahara,500
2020,Yemen,4087
2020,Zambia,93
2020,Zimbabwe,1499
